planet_ID,log_H2O,log_CO2,log_CO,log_CH4,log_NH3
public1,-3.4174666,-7.032778,-3.3750389,-7.837966,-7.570258
public2,-5.04402,-4.206423,-5.33821,-6.0112433,-6.3584437
public3,-3.226047,-6.822014,-5.0319877,-7.83001,-4.8281293
public4,-7.0380034,-7.8640203,-3.419557,-2.8978755,-7.3237233
public5,-7.2805705,-4.0682774,-4.868526,-4.2539816,-4.6908884
public6,-3.7470493,-7.7545867,-3.1611032,-7.272254,-7.8358917
public7,-3.0466306,-9.140962,-5.8335395,-3.5614898,-4.1547184
public8,-6.9698358,-7.807229,-5.434392,-7.572942,-7.7486315
public9,-2.8488703,-6.4798656,-5.778722,-3.3686872,-6.0517573
public10,-3.0150313,-8.273735,-5.5795226,-3.1736896,-5.206044
public11,-5.6030545,-5.8054457,-6.5423136,-8.229813,-5.620495
public12,-7.373662,-6.0686,-3.4021544,-8.265416,-7.225957
public13,-7.6030865,-5.300741,-5.415885,-3.4552639,-5.2404966
public14,-5.924991,-8.299211,-2.988562,-7.8772216,-7.606065
public15,-3.4828815,-7.408135,-3.517693,-7.964446,-7.836349
public16,-7.806033,-7.292871,-4.4908857,-6.4887266,-8.012356
public17,-3.5336413,-7.4374647,-3.2885225,-7.7096395,-7.681695
public18,-4.1861644,-5.8948073,-5.552021,-3.8357255,-5.2230916
public19,-3.2780097,-5.410108,-4.857269,-5.1260843,-7.0977674
public20,-6.8754506,-7.742354,-5.519941,-8.037313,-5.9877295
public21,-4.266552,-8.041858,-5.852127,-7.84157,-5.1133213
public22,-8.199561,-4.0964646,-5.127643,-8.074662,-8.209543
public23,-2.7606328,-5.7392387,-5.4910684,-3.8786838,-5.5438523
public24,-3.1586194,-7.945852,-3.4094071,-5.3021145,-7.4720254
public25,-7.620005,-7.0378456,-4.0271664,-4.786983,-4.12755
public26,-3.3132474,-7.770107,-3.278143,-7.9147406,-7.547207
public27,-8.482841,-7.440378,-4.659353,-6.4770517,-6.020177
public28,-7.9801474,-7.0531387,-3.3649118,-8.420186,-5.984517
public29,-4.529434,-4.951949,-6.385335,-5.655793,-8.136828
public30,-3.5331223,-7.195366,-3.4215064,-7.659354,-7.539963
public31,-3.4152112,-5.478948,-3.357535,-5.6560025,-7.4488616
public32,-7.718236,-5.533864,-4.1586943,-8.291098,-5.379801
public33,-2.907794,-8.355203,-5.639139,-3.077099,-4.787113
public34,-3.303079,-6.7439938,-3.2659144,-7.9034014,-7.8114204
public35,-7.8160305,-5.9029226,-5.3207245,-4.5231304,-4.617341
public36,-7.539442,-6.4799986,-5.6461744,-4.7133136,-6.201478
public37,-6.0374837,-6.1307173,-4.701795,-4.7937074,-8.232687
public38,-5.6813145,-4.250951,-4.3678923,-5.144449,-6.2423863
public39,-3.3528926,-6.8270206,-3.210585,-8.094353,-7.7187586
public40,-3.367357,-6.8257437,-3.493415,-7.6994658,-7.564958
public41,-8.001983,-5.3484697,-3.993491,-8.674686,-6.7573814
public42,-7.169425,-4.61022,-4.7174582,-8.02921,-3.5547962
public43,-2.8718524,-8.711853,-5.852912,-3.1875799,-4.303426
public44,-4.3462934,-6.7344966,-5.2393274,-7.345458,-4.8869305
public45,-4.82629,-6.3170547,-5.5197196,-8.129366,-7.8020387
public46,-4.261244,-8.363242,-4.572052,-6.679161,-4.5844374
public47,-4.5102997,-6.5339575,-6.201598,-3.8959477,-8.300306
public48,-3.5910542,-7.820056,-3.8250756,-7.495062,-7.4280024
public49,-2.6925654,-5.934821,-5.850772,-3.4406133,-5.763329
public50,-3.1213288,-6.342348,-3.3771713,-5.8839717,-6.956167
public51,-8.641857,-6.475894,-5.4551296,-5.1121073,-5.438181
public52,-2.8549576,-8.120277,-5.682959,-3.101011,-4.7091675
public53,-8.131182,-8.290485,-3.5967495,-5.4355216,-5.3081436
public54,-3.7560754,-7.6591263,-3.15177,-7.7332954,-7.987093
public55,-3.3165143,-6.907056,-3.3011775,-7.913056,-7.690371
public56,-3.1610615,-6.3671894,-3.2789004,-6.5771623,-7.703351
public57,-2.930616,-7.739403,-5.181133,-7.5530915,-7.505074
public58,-3.1409779,-6.3463683,-3.5406153,-5.4429283,-6.237196
public59,-4.960576,-6.145292,-5.746122,-4.99778,-5.327153
public60,-3.9080575,-8.089192,-3.2070012,-7.69936,-7.8691916
public61,-2.8254154,-8.291159,-5.8457627,-3.3152406,-4.2905016
public62,-3.2285473,-6.5207944,-3.563543,-5.776142,-6.8170323
public63,-6.2373066,-5.7890224,-3.9881232,-8.29943,-5.5097876
public64,-5.408314,-8.450569,-3.499786,-4.7209888,-5.962979
public65,-3.5047367,-7.357222,-3.5892024,-7.298851,-7.490093
public66,-5.667805,-4.757378,-5.2808213,-6.343888,-7.5711412
public67,-4.272617,-6.7516613,-5.213131,-5.0697913,-7.988263
public68,-8.2849,-8.323822,-5.2202864,-5.5422716,-6.5803347
public69,-3.3862255,-7.014813,-3.3463643,-7.977565,-7.7557955
public70,-3.255937,-6.6361856,-3.2520847,-7.3395576,-7.8606577
public71,-5.363879,-7.154417,-4.1403704,-4.7850175,-5.878075
public72,-6.7344217,-6.327915,-4.3607745,-7.9047284,-8.51589
public73,-4.6586084,-5.9254637,-4.1232657,-3.3652678,-7.3782344
public74,-3.2376223,-8.169143,-4.7156515,-3.9393482,-7.757698
public75,-8.344057,-5.729366,-3.3579526,-6.1129775,-6.1636915
public76,-2.6594293,-5.607698,-5.862549,-3.746585,-6.0276384
public77,-3.3523035,-6.884446,-3.2079403,-8.093846,-7.7816286
public78,-2.7560601,-6.3602085,-5.91895,-3.251067,-6.0348125
public79,-5.013467,-7.9712934,-3.2515826,-7.7619753,-7.868295
public80,-3.4464116,-7.2979484,-3.2391548,-8.090329,-7.773004
public81,-4.308921,-6.389766,-5.186988,-3.650476,-6.8564167
public82,-3.7372646,-7.6448946,-3.0615258,-7.7139387,-7.886967
public83,-4.947178,-7.8177047,-3.4581017,-7.7426724,-6.2767873
public84,-7.432602,-8.259753,-4.166656,-3.5904572,-3.7802086
public85,-7.4441013,-5.964463,-3.2329774,-4.305881,-4.430651
public86,-4.5941114,-5.1608586,-6.211653,-6.355332,-4.6091948
public87,-3.0636857,-5.856228,-3.6088586,-5.4257298,-6.7429075
public88,-2.9401717,-6.005765,-3.5853975,-4.9205256,-6.0543594
public89,-5.9365835,-4.402895,-5.0485177,-3.2239106,-7.346916
public90,-5.3471665,-6.776347,-3.345406,-6.574719,-8.2026615
public91,-2.8052304,-8.589974,-5.826378,-3.1588748,-4.2973013
public92,-2.7819088,-5.6299725,-3.7997735,-4.716606,-5.93719
public93,-3.4600258,-7.32391,-3.2335985,-8.092314,-7.760726
public94,-3.0437083,-8.313348,-5.675686,-3.2174258,-5.2415113
public95,-4.8100276,-4.6525297,-4.21326,-3.525739,-6.7824454
public96,-4.2086644,-7.9593554,-2.9669452,-7.553246,-7.9888897
public97,-7.0424986,-8.353895,-3.3014464,-3.0407493,-6.1790524
public98,-8.814599,-5.124375,-4.4876714,-3.0310707,-4.82632
public99,-5.7442226,-7.9064155,-2.8305895,-8.003433,-5.699239
public100,-6.324671,-4.8537264,-3.7850146,-8.379696,-8.156429
public101,-7.063029,-5.4986944,-4.215196,-4.08676,-6.5055103
public102,-7.4289956,-7.3912334,-3.6793356,-4.1038423,-8.03981
public103,-3.4799623,-4.1827464,-3.1078644,-4.1477256,-4.305001
public104,-3.2819612,-4.983198,-3.6513321,-8.183618,-6.157002
public105,-6.2044196,-6.1505437,-3.4322345,-5.9208775,-8.044446
public106,-4.958192,-5.776279,-3.2105703,-6.454765,-8.012433
public107,-3.1694212,-6.660172,-3.2705474,-6.838916,-7.793041
public108,-5.1344495,-6.4005117,-5.0509734,-8.0807705,-4.485334
public109,-7.906097,-6.3411245,-5.5845566,-4.728825,-5.2718186
public110,-6.229887,-8.4031105,-3.3049688,-4.5956125,-6.1312633
public111,-3.5871615,-5.2362285,-5.1710153,-3.74722,-4.6520543
public112,-4.3758993,-5.003336,-4.481723,-4.6688566,-6.8825927
public113,-3.4571414,-7.340782,-3.2338648,-7.858485,-7.564231
public114,-7.2085714,-7.8676643,-2.9017036,-7.8534656,-3.8390064
public115,-3.6998098,-7.6252,-3.3527966,-7.0814953,-7.6679573
public116,-4.706445,-6.1639957,-3.4818764,-6.9071374,-7.4192967
public117,-8.057572,-5.8442364,-5.75654,-6.3078976,-7.9634132
public118,-3.5820396,-4.9455347,-3.4859273,-4.5484467,-6.956841
public119,-4.677602,-7.6239667,-6.7348814,-8.529547,-7.847515
public120,-3.6534967,-4.768155,-6.5791674,-6.384516,-5.162608
public121,-3.8520126,-7.879452,-3.3740783,-7.8973656,-7.947241
public122,-3.0477824,-8.259871,-5.6484466,-3.2567744,-5.344635
public123,-4.053529,-5.419926,-5.813817,-8.616577,-7.4576077
public124,-8.235603,-4.14367,-4.3853555,-8.213264,-7.6064806
public125,-3.2668862,-7.3671722,-4.3085146,-7.3990464,-3.8530529
public126,-2.8247101,-7.888686,-5.271525,-3.055061,-5.098189
public127,-3.17951,-8.660296,-5.9148483,-3.4472816,-4.9319067
public128,-7.3835583,-6.1133127,-5.226794,-5.7510476,-7.0657744
public129,-6.93425,-8.58569,-3.6656008,-4.199827,-7.7344465
public130,-2.9498274,-6.338741,-3.4741287,-4.0398817,-4.2196608
public131,-3.8709466,-6.786113,-4.8374624,-3.1221008,-7.9453006
public132,-4.278414,-5.685383,-3.583364,-4.736971,-4.8362417
public133,-5.351247,-4.7547317,-6.1102285,-8.294285,-5.308755
public134,-3.2792125,-6.928201,-3.2127936,-7.996804,-7.746956
public135,-6.550877,-6.356385,-5.132728,-6.426747,-8.097552
public136,-5.3063426,-8.388089,-5.125436,-6.337842,-7.7126203
public137,-3.733039,-7.9460177,-3.5531282,-7.0137496,-7.5006075
public138,-3.2823164,-6.76791,-3.3275342,-7.2341714,-7.7057114
public139,-8.146224,-8.259485,-3.4911005,-8.346802,-8.289627
public140,-2.9318218,-6.0338335,-3.8351302,-4.709429,-5.876508
public141,-5.4107876,-6.884556,-4.214523,-8.229669,-5.5516467
public142,-7.782071,-4.836523,-3.9862444,-8.991731,-7.282851
public143,-7.7474384,-7.300352,-5.9095597,-8.276367,-6.815405
public144,-5.7370286,-4.6473927,-4.4103537,-4.4056325,-4.7914176
public145,-8.0690565,-5.0141706,-4.394377,-6.9365883,-8.01284
public146,-3.379507,-6.9646378,-3.438375,-6.0287285,-6.109763
public147,-3.1177921,-7.9586587,-5.710458,-3.4695582,-5.5602355
public148,-5.1197357,-6.769996,-3.6969159,-8.311999,-4.8964887
public149,-3.1972926,-6.718144,-3.3162336,-7.39585,-7.7017536
public150,-7.689744,-4.3047066,-4.004135,-8.822052,-6.1726437
public151,-6.9505672,-8.412191,-4.334823,-3.1012561,-6.206552
public152,-3.0462945,-4.3871183,-5.8711514,-4.352743,-8.114572
public153,-3.4895124,-6.9673934,-3.0370731,-7.7427754,-4.4293494
public154,-3.6485,-7.8338203,-3.6201267,-7.1402073,-7.4581633
public155,-3.4074018,-7.053247,-3.286608,-7.785984,-7.481075
public156,-6.764724,-8.186346,-3.6212523,-4.376189,-7.3356447
public157,-7.1746993,-8.116682,-4.032028,-3.2371051,-7.2327914
public158,-3.4746745,-7.383145,-3.2132711,-8.031059,-7.879902
public159,-7.0831885,-4.8145466,-5.2462115,-3.8189967,-6.353465
public160,-3.7051272,-7.509766,-3.1869233,-7.6903377,-7.92
public161,-6.973374,-5.6295724,-3.4653718,-2.9704552,-6.8597913
public162,-3.4836085,-7.314287,-3.5069575,-7.6812706,-7.4525194
public163,-2.829615,-5.3426795,-6.508403,-7.156175,-6.5318933
public164,-6.8090115,-5.1518755,-5.784742,-7.0193243,-6.045778
public165,-2.7823956,-8.666809,-5.655748,-3.00759,-4.279088
public166,-3.328486,-5.852668,-4.163008,-7.0340137,-3.8439016
public167,-2.801975,-6.2201185,-5.833008,-3.3945434,-6.1356535
public168,-7.082527,-7.5941105,-3.794446,-7.370117,-3.949712
public169,-2.759094,-8.688844,-5.732046,-3.181349,-4.025744
public170,-7.828602,-7.5692635,-5.559683,-8.153904,-5.2945604
public171,-3.763853,-7.6630335,-3.0423121,-7.597805,-7.9266133
public172,-3.5133948,-7.404028,-3.2605438,-7.9846454,-7.8132935
public173,-7.2439365,-7.3107486,-3.5222375,-4.184459,-4.0985184
public174,-6.2451053,-6.0308223,-4.141004,-5.4929476,-8.263008
public175,-3.3904235,-7.0510006,-3.2347364,-8.121745,-7.709177
public176,-3.0137932,-6.0180483,-3.747538,-4.996438,-6.018152
public177,-3.7333634,-7.3596764,-3.802431,-6.448807,-7.6008472
public178,-3.650149,-8.239472,-3.7354758,-7.648474,-7.944398
public179,-4.1225343,-5.4401474,-6.005444,-6.8305473,-7.040118
public180,-5.5966563,-5.5405474,-4.275314,-9.23495,-5.0346155
public181,-3.4954853,-7.431294,-3.2484164,-8.062336,-7.8029156
public182,-5.783747,-8.116158,-5.0484347,-8.2740965,-8.484175
public183,-2.8850687,-6.4672666,-5.7968445,-3.4975646,-6.5531874
public184,-3.2507071,-7.152767,-3.4153113,-7.8239155,-7.5128
public185,-3.231875,-5.324995,-4.940973,-4.0335913,-7.551148
public186,-5.621476,-6.896675,-4.4823337,-5.8636403,-6.5009975
public187,-3.539272,-7.5362678,-3.2319942,-7.7821684,-7.842306
public188,-4.9442315,-5.1689262,-5.713936,-5.249842,-5.285316
public189,-3.8703034,-7.419752,-4.3312287,-7.3212476,-7.2082853
public190,-6.3602037,-7.692193,-3.5841212,-8.682218,-6.836529
public191,-7.8294454,-4.7021136,-3.3812728,-5.6569767,-5.6401896
public192,-5.051056,-8.018649,-3.715178,-5.783687,-5.1192627
public193,-3.6845796,-7.9063916,-3.6535068,-6.974811,-7.38298
public194,-2.8665104,-5.7770596,-5.505767,-4.0711846,-5.8372364
public195,-3.5871818,-7.641553,-3.3512118,-7.3111615,-7.6271634
public196,-5.328923,-5.1504507,-4.128691,-7.187298,-4.5620413
public197,-5.5309277,-6.066469,-5.5932302,-4.9895782,-6.0073733
public198,-7.4531183,-4.928873,-3.6788683,-4.869281,-5.72234
public199,-8.379445,-6.5261893,-5.9265203,-7.2851095,-4.8094735
public200,-5.88036,-6.9845366,-4.5707083,-3.2167354,-5.246844
public201,-3.4879458,-4.7385063,-4.704579,-3.1920712,-3.848453
public202,-6.3944387,-8.16861,-4.955846,-7.860328,-8.532566
public203,-7.358326,-8.519127,-4.0970206,-4.046432,-7.923378
public204,-3.4438355,-5.504585,-4.090512,-8.244154,-7.991406
public205,-8.012153,-8.0553,-3.3261585,-5.507843,-4.3243513
public206,-3.285946,-7.1598177,-3.3728924,-4.4193993,-7.3801866
public207,-6.65431,-4.134856,-5.254634,-3.1245108,-7.0062037
public208,-4.7313733,-8.168717,-5.462453,-5.5140944,-4.1089115
public209,-3.497968,-4.1196804,-5.2644978,-4.5654974,-4.0433574
public210,-5.416118,-7.698546,-3.1589394,-4.3831425,-4.873859
public211,-3.4527264,-7.564783,-3.4479647,-7.7939405,-7.538912
public212,-2.899178,-6.83119,-5.9485917,-5.4532623,-7.543213
public213,-4.8882113,-4.6481266,-5.516046,-6.703272,-6.041418
public214,-3.6511548,-7.7286124,-3.248986,-7.921275,-7.782549
public215,-2.7249687,-5.588744,-4.855748,-4.3863626,-6.2294135
public216,-3.4939766,-7.421947,-3.236825,-7.8792,-7.817442
public217,-2.8385954,-5.841498,-3.518913,-4.8496747,-5.922425
public218,-3.2686522,-6.8484015,-3.4764066,-6.898481,-7.4753604
public219,-6.7113485,-4.7394333,-4.7752595,-2.8511431,-7.2561116
public220,-3.1836822,-6.8273554,-3.3051372,-7.671969,-7.515087
public221,-5.3623276,-8.076673,-5.3179884,-3.8201308,-7.54757
public222,-3.2117822,-6.3672147,-3.2754529,-6.5766273,-7.7524276
public223,-7.3831024,-4.3570995,-4.2842755,-5.9033737,-7.947955
public224,-4.1143174,-5.8523684,-4.5594616,-7.4246225,-7.968755
public225,-7.8396807,-7.945852,-4.494893,-5.020087,-7.798174
public226,-3.5486236,-7.5806947,-3.8893237,-7.4203243,-7.4075527
public227,-3.3556402,-6.913492,-3.2528868,-8.044822,-7.7852116
public228,-2.917533,-6.7181997,-5.6377516,-3.2316518,-6.07419
public229,-3.2737248,-6.593814,-3.5800722,-5.6829963,-6.310777
public230,-3.0091815,-6.0672054,-5.8365583,-3.8614993,-6.253014
public231,-2.9565558,-7.375083,-5.437831,-3.1635976,-5.5939784
public232,-2.9950242,-7.0856023,-5.641059,-3.3253021,-6.093484
public233,-3.354874,-6.7202864,-3.2406402,-7.9381523,-7.63179
public234,-3.6315284,-7.634428,-3.3937426,-7.3369594,-7.5617375
public235,-8.144216,-6.4969964,-5.8644905,-8.866598,-8.053723
public236,-5.299866,-7.517052,-5.5295825,-4.1647735,-7.490422
public237,-6.8966126,-5.882296,-6.4913235,-8.205531,-4.1288776
public238,-4.4227724,-4.398867,-5.8952246,-7.0393505,-3.902484
public239,-6.594025,-6.7588563,-3.2028234,-4.1749797,-5.622765
public240,-3.3865957,-7.1773095,-3.3420432,-7.948122,-7.677759
public241,-2.6444435,-5.545206,-4.8769097,-4.391986,-5.9829116
public242,-3.5147572,-7.358964,-3.2371168,-8.011314,-7.795945
public243,-3.6821084,-7.6683826,-3.2373934,-7.850835,-7.8709865
public244,-3.0682461,-6.137252,-3.571896,-5.22364,-6.3061776
public245,-3.273255,-6.5902767,-3.6124952,-6.464676,-7.66825
public246,-7.4234605,-5.2877955,-3.2355452,-8.046509,-4.883509
public247,-7.718011,-4.66944,-3.7173257,-3.844985,-7.072879
public248,-3.385323,-6.9514213,-3.2994068,-8.004767,-7.8458834
public249,-3.387611,-7.097041,-3.346404,-8.046309,-7.7305236
public250,-5.0665474,-6.826957,-4.0209503,-5.9847803,-6.5960536
public251,-4.95609,-8.077924,-5.6092453,-3.9676273,-7.4866405
public252,-3.3910615,-7.220221,-3.4736605,-7.9529257,-7.6126537
public253,-3.494,-4.285,-3.4076242,-6.8699727,-6.335495
public254,-5.2178655,-7.099869,-3.4101975,-7.6561007,-8.288031
public255,-2.9134965,-8.532434,-5.638879,-3.0645611,-4.598325
public256,-4.701703,-5.392818,-3.8242273,-4.28918,-6.2242203
public257,-5.807949,-8.617335,-5.6942477,-6.1068707,-3.8710294
public258,-3.724987,-7.9558725,-3.4464853,-7.804858,-7.753581
public259,-5.937491,-8.420913,-3.0059028,-8.305591,-6.836975
public260,-2.8341327,-8.290256,-5.8782396,-3.4654787,-4.2089853
public261,-3.6117141,-5.7620163,-5.3585863,-4.9291124,-5.898813
public262,-4.125471,-4.195881,-4.8300586,-7.740749,-4.59061
public263,-7.929922,-6.984288,-4.3027086,-6.4771442,-7.710386
public264,-8.705689,-7.3312044,-5.860593,-7.6528873,-8.65222
public265,-6.6209207,-6.8744698,-5.3217635,-3.2557797,-7.32806
public266,-2.7605042,-5.9532647,-6.0610485,-3.529233,-6.4291387
public267,-6.875085,-5.400685,-3.7279558,-3.3671238,-4.7729106
public268,-3.7296526,-4.299741,-3.6527061,-7.281543,-4.3382435
public269,-4.916114,-6.674796,-4.4191113,-6.9315114,-6.251299
public270,-3.3660872,-6.879042,-3.2349453,-8.090917,-7.745277
public271,-5.9532456,-5.982816,-6.468508,-4.0818915,-8.073969
public272,-3.1233478,-7.9197845,-5.6796393,-3.4346378,-5.773522
public273,-3.0007899,-6.0711365,-3.761658,-5.0146923,-6.179538
public274,-7.1411924,-6.943778,-4.488264,-8.441073,-7.7847137
public275,-3.8872504,-8.069736,-3.355836,-7.0484586,-7.5690536
public276,-2.8255823,-5.8809953,-3.8964372,-4.7828135,-6.019908
public277,-3.3493319,-7.8271866,-3.46103,-7.936406,-7.6158853
public278,-8.601696,-7.4623594,-3.198995,-8.184064,-6.3990097
public279,-8.185219,-8.328063,-3.556991,-5.8037214,-4.708828
public280,-6.3934455,-4.870769,-3.421699,-8.549272,-8.1
public281,-3.2389908,-7.798033,-5.344189,-5.744845,-6.87168
public282,-3.147381,-8.698331,-5.8956447,-3.4053671,-4.963279
public283,-4.3395896,-6.2313476,-4.341725,-5.411681,-8.107692
public284,-3.0987127,-6.076097,-4.8326454,-4.4854145,-5.7918687
public285,-5.4244366,-4.197691,-6.3629003,-6.358121,-7.9455714
public286,-5.9028926,-6.0931535,-6.697542,-6.9280643,-4.9197726
public287,-8.363334,-5.641004,-5.6939015,-3.3195124,-7.8240714
public288,-3.1994436,-6.6454773,-3.2918262,-6.2496367,-7.277692
public289,-6.4914937,-6.4241586,-4.7601976,-5.7873154,-5.3598666
public290,-6.112314,-6.5026717,-5.5290656,-7.6167374,-4.26053
public291,-4.321027,-4.6167254,-3.4421344,-4.139582,-4.355025
public292,-4.202342,-5.9523716,-4.6008234,-4.8363323,-7.21257
public293,-2.8624449,-6.858426,-3.6167586,-3.222145,-7.9732265
public294,-5.625011,-8.67201,-3.384594,-8.568657,-7.036972
public295,-4.061613,-7.4777813,-5.3583207,-5.4023685,-4.2260313
public296,-5.2610216,-5.133609,-4.1443915,-4.1004763,-7.970671
public297,-6.311147,-5.9299984,-3.8572948,-6.8201327,-5.7341533
public298,-7.137313,-7.8866463,-4.636155,-3.186823,-4.1509438
public299,-3.6193612,-7.5695605,-3.3199196,-7.8218455,-7.930673
public300,-4.9250965,-6.9124303,-5.759718,-4.524084,-4.09969
public301,-3.2206411,-4.1303334,-5.9993105,-8.500973,-5.6689553
public302,-4.074851,-5.3272047,-5.3633385,-5.1517906,-6.476777
public303,-3.2642572,-6.6930923,-3.3464327,-6.884226,-7.572746
public304,-3.0160785,-7.6029773,-5.593195,-3.3338344,-5.789042
public305,-3.5766077,-7.5814843,-4.828113,-3.7175105,-4.378043
public306,-3.3073587,-6.7183356,-3.2545967,-7.5517335,-7.9373446
public307,-3.3313563,-7.7523546,-3.4531765,-7.8910084,-7.6061525
public308,-5.1576953,-5.5519314,-4.0789557,-5.380686,-5.2206116
public309,-3.770165,-4.75708,-5.1862693,-2.8061216,-6.06266
public310,-4.696464,-8.606741,-2.994078,-7.2735343,-8.328109
public311,-3.0422177,-8.855672,-5.886488,-3.401463,-4.587336
public312,-4.3806853,-6.930531,-5.67494,-7.995144,-4.372206
public313,-3.2172687,-6.615307,-3.3090882,-6.4220595,-7.5139675
public314,-4.411043,-6.522937,-6.3031244,-6.8155284,-7.4857874
public315,-3.2172816,-7.2816496,-3.3259928,-7.7021,-4.934304
public316,-8.718771,-6.363297,-4.3814907,-8.237005,-8.346802
public317,-3.1219692,-4.33211,-5.8063974,-8.173515,-5.072541
public318,-7.8057814,-7.331955,-3.5658946,-8.0159025,-4.273801
public319,-3.7815752,-5.9906716,-4.2323256,-4.3064423,-7.486441
public320,-8.05792,-5.8374615,-4.8214393,-5.255945,-7.826209
public321,-4.340021,-8.098915,-5.1106453,-3.4202707,-6.935633
public322,-2.896288,-6.011699,-5.5771747,-3.7581832,-5.440372
public323,-4.529905,-8.091067,-5.0365143,-6.0002055,-7.654639
public324,-3.1305106,-7.804323,-5.709663,-3.4827712,-5.7102094
public325,-6.112093,-8.755319,-3.552184,-5.45807,-8.148021
public326,-4.973884,-4.7471695,-5.513813,-5.4755187,-4.200268
public327,-9.205421,-6.136822,-3.5267828,-6.5375996,-8.901802
public328,-8.37234,-8.361114,-5.2751536,-8.489703,-8.36606
public329,-6.665532,-7.693739,-5.6122713,-7.791589,-4.4659224
public330,-7.0630245,-4.4951844,-5.514583,-8.145885,-4.5591207
public331,-5.4176025,-6.208883,-5.3340187,-4.852499,-4.3662195
public332,-3.1674778,-6.9144526,-6.1435804,-6.788432,-6.2116632
public333,-5.3449173,-6.5247874,-6.182741,-6.2487636,-8.070191
public334,-8.241015,-8.27247,-5.2251143,-5.5990324,-6.2192354
public335,-6.992107,-8.122463,-4.7131248,-5.4246483,-6.661855
public336,-3.4317753,-7.407654,-3.5232108,-8.014826,-7.69866
public337,-6.8546658,-4.611541,-5.397737,-6.9857287,-8.38237
public338,-6.7640014,-6.9568305,-3.3746433,-4.6211414,-4.053151
public339,-3.571325,-7.9118404,-3.9704456,-7.5277824,-7.410892
public340,-8.853366,-8.396508,-4.3095427,-4.5593495,-5.1760716
public341,-4.412056,-4.182475,-5.9413915,-8.177297,-4.383253
public342,-3.3609128,-6.7064424,-3.261466,-7.7827854,-7.904093
public343,-3.4094627,-7.21619,-3.421738,-7.6163654,-7.491347
public344,-3.8209176,-6.7589693,-6.099683,-4.6829576,-8.131472
public345,-5.791407,-5.4975886,-3.7393193,-5.947778,-4.2905617
public346,-4.590748,-7.866821,-3.1200304,-7.6058826,-7.988822
public347,-2.9273317,-5.855138,-3.9394836,-4.91205,-6.241637
public348,-4.160505,-5.3469954,-5.7124147,-6.110036,-7.8317513
public349,-8.057472,-6.4842114,-5.1403284,-8.999863,-8.0212345
public350,-8.572014,-4.2115335,-4.5927887,-5.862341,-8.291349
public351,-7.596096,-7.6842713,-5.6058345,-3.8072226,-6.6360474
public352,-7.0537705,-8.005862,-5.4173274,-3.3972251,-4.512743
public353,-8.847674,-6.665055,-5.383513,-4.731,-4.036682
public354,-2.955601,-5.890605,-4.8505116,-4.4644027,-6.416083
public355,-4.6634784,-6.766888,-4.9505477,-8.500321,-6.290645
public356,-8.347262,-5.6771107,-4.611838,-7.031695,-8.162878
public357,-3.4887328,-7.2711663,-3.2402203,-8.079901,-7.8045382
public358,-8.60018,-4.055399,-4.624211,-5.4050517,-5.7848268
public359,-6.832969,-4.0106573,-5.3975897,-4.2130666,-8.08762
public360,-2.7976496,-6.2752666,-5.9094033,-3.4131575,-6.0363035
public361,-3.079311,-6.1310053,-3.550557,-5.2967176,-6.6230364
public362,-3.5664535,-6.8236237,-5.217638,-5.8585134,-6.2275667
public363,-3.41396,-5.5484424,-4.0847344,-7.1426816,-6.084737
public364,-7.795042,-4.6240754,-4.438448,-8.291592,-4.946119
public365,-7.0769587,-4.8149567,-5.841349,-7.765873,-5.4887505
public366,-7.558199,-4.931706,-5.801322,-3.1182756,-7.6771345
public367,-5.880859,-4.7812624,-5.267505,-3.5374124,-7.114767
public368,-4.4886184,-6.556614,-3.013925,-2.8358653,-7.1187344
public369,-5.871251,-6.731353,-4.7521744,-5.6002755,-8.117601
public370,-3.1635504,-7.253651,-3.235902,-6.292687,-7.3536673
public371,-7.8855495,-5.1325326,-5.6597805,-4.48967,-6.2662644
public372,-3.0074122,-7.92448,-5.554862,-3.2796133,-5.4026055
public373,-6.4608893,-7.6445794,-4.1824784,-4.91734,-4.1616306
public374,-7.0490994,-6.949229,-5.654334,-5.965389,-9.168192
public375,-3.0180507,-7.6468043,-5.720937,-3.2642753,-5.7153187
public376,-3.618653,-8.063812,-3.7691417,-7.3506823,-7.542656
public377,-4.5124655,-7.5353603,-4.804546,-5.50207,-5.7591357
public378,-5.028029,-4.2694626,-4.7319427,-7.350293,-7.5113792
public379,-3.0597706,-6.4444537,-5.6686234,-3.4212432,-7.0084133
public380,-5.510364,-6.736136,-5.554082,-3.8547125,-7.4867682
public381,-3.4850085,-7.3375945,-3.2530384,-8.04264,-7.914732
public382,-3.4829574,-7.4565754,-3.2784467,-8.070093,-7.766447
public383,-6.6501565,-5.5284877,-3.298335,-6.1263275,-7.824906
public384,-3.1429994,-6.582317,-3.277081,-6.1751466,-7.133845
public385,-7.249718,-7.414592,-5.332705,-4.8781676,-5.2771297
public386,-5.082612,-6.175973,-4.3006477,-4.320948,-7.958078
public387,-6.9024763,-8.012833,-4.0845113,-3.134247,-6.9107976
public388,-3.0203447,-5.6642914,-5.7184677,-2.911199,-4.872075
public389,-7.90688,-5.496939,-6.18281,-3.7910948,-7.8911295
public390,-3.2169876,-6.2958775,-4.540429,-5.1773453,-7.21242
public391,-3.2074804,-8.460926,-5.8860464,-3.500323,-5.205799
public392,-4.7568893,-5.145895,-6.7135606,-8.566748,-6.099459
public393,-2.9784524,-6.783669,-5.7837214,-3.2984498,-5.8528895
public394,-5.4709587,-8.445753,-3.5236795,-5.3301606,-7.348104
public395,-3.4232574,-8.537984,-5.573513,-8.114337,-6.271026
public396,-5.19074,-4.867236,-6.331435,-7.0051947,-4.281227
public397,-6.861403,-5.3157816,-5.324134,-5.1750546,-5.7473474
public398,-3.4253268,-6.1927605,-6.461194,-6.2870445,-7.8072443
public399,-2.7440848,-6.1353574,-5.8650765,-3.3697872,-5.815719
public400,-7.127609,-8.288516,-3.0251698,-3.0600028,-6.433881
public401,-3.4331307,-7.393409,-3.2469664,-8.106964,-7.771674
public402,-5.2674065,-4.567629,-5.8129797,-2.8236852,-6.2585425
public403,-3.0892305,-6.325364,-3.3346336,-5.582581,-6.254661
public404,-8.472317,-4.157674,-5.394769,-6.6106606,-8.1672535
public405,-3.298482,-6.7073874,-3.2859497,-6.962549,-7.8974724
public406,-3.3765557,-7.6032543,-3.2394125,-7.7299037,-7.5534105
public407,-7.59441,-7.1964917,-5.7669554,-6.8465657,-5.547139
public408,-2.7348652,-5.990851,-5.980754,-3.7073698,-6.122178
public409,-3.1557403,-6.373736,-3.5192704,-5.499667,-6.295082
public410,-6.0275073,-6.1181765,-4.928866,-8.732443,-5.8211136
public411,-3.4727602,-7.271437,-3.7703674,-7.652214,-7.414162
public412,-7.9863563,-5.2576118,-4.6543875,-5.641621,-8.197657
public413,-7.698643,-7.5038075,-4.2178907,-5.1684413,-4.5652514
public414,-6.9384484,-4.2479224,-3.0697155,-3.2715132,-5.326943
public415,-3.4185424,-8.2025385,-5.539212,-7.9349294,-7.354676
public416,-3.2848086,-7.0193233,-3.3326364,-7.5639153,-7.4376016
public417,-5.5250635,-4.967596,-3.3946366,-4.7712107,-8.039914
public418,-4.2109957,-8.417438,-5.4356713,-5.8158536,-8.279085
public419,-8.074975,-5.0142455,-4.32758,-7.642646,-5.630116
public420,-7.1847568,-4.8069053,-4.154953,-3.210525,-7.498571
public421,-5.985827,-6.196485,-5.1918406,-5.7882395,-6.0680456
public422,-5.901418,-6.107675,-5.5542355,-7.802809,-8.939057
public423,-2.7761114,-5.987596,-3.7936208,-4.8268437,-6.218949
public424,-4.934717,-5.5680795,-5.575296,-4.8919516,-8.031885
public425,-5.990499,-5.006846,-6.2456264,-4.0588107,-5.2696047
public426,-2.9466681,-7.8890266,-3.387259,-5.7768865,-4.5159826
public427,-3.386228,-6.9562187,-3.1867218,-8.373741,-7.6206894
public428,-8.695912,-8.0806265,-5.2762303,-6.6383862,-3.9943092
public429,-3.7777743,-8.190634,-3.476485,-7.808866,-7.8198276
public430,-7.9251165,-7.5760303,-3.679009,-7.815554,-6.416752
public431,-4.069702,-5.81565,-4.4353905,-5.3916287,-5.479934
public432,-4.9069843,-5.588894,-5.783542,-6.1876016,-4.056801
public433,-3.3267772,-6.7822857,-5.4276695,-7.5285616,-7.411036
public434,-3.5890353,-8.342033,-5.6101,-5.1024446,-4.7933674
public435,-2.8525217,-7.464303,-5.454881,-3.2315733,-5.5482655
public436,-2.907767,-6.2556767,-5.7225075,-3.1465747,-6.282565
public437,-7.814388,-4.4552097,-5.2452765,-8.385199,-5.08928
public438,-2.8249645,-6.566086,-5.8686686,-3.2912657,-6.0325084
public439,-3.6049528,-7.6143837,-3.562683,-7.321599,-7.4849353
public440,-3.565922,-7.9586353,-3.226689,-8.010831,-7.6614413
public441,-2.6691618,-6.2428885,-5.8200603,-3.3847642,-5.7027187
public442,-4.4892616,-8.6021385,-4.414178,-6.4197955,-5.877055
public443,-5.79877,-5.142193,-4.5136347,-5.037989,-7.3885384
public444,-3.7704933,-7.8245764,-3.1661544,-6.9647655,-7.6586466
public445,-3.381284,-7.113788,-3.4117708,-7.6939516,-7.4696836
public446,-3.926508,-4.4532146,-5.023012,-4.3495865,-4.383667
public447,-3.2955265,-6.6545672,-3.2284966,-8.064439,-7.8252187
public448,-3.6944242,-7.656891,-3.231081,-7.6454315,-7.8532176
public449,-3.933808,-7.869137,-3.0751066,-7.1506453,-7.809474
public450,-4.9294543,-5.1095605,-4.437836,-4.940498,-7.9534388
public451,-6.1754656,-8.374589,-2.977076,-7.9544477,-5.8366933
public452,-5.9416413,-5.163755,-6.1601915,-6.501043,-7.333435
public453,-7.4045234,-6.4095855,-3.8864481,-4.9780097,-5.241174
public454,-3.2506201,-7.4020805,-3.340783,-7.860801,-7.6200867
public455,-2.6403909,-5.4856343,-5.735367,-3.932759,-5.9828806
public456,-7.4839616,-6.492196,-5.451091,-7.757203,-5.28073
public457,-8.080403,-5.24656,-5.5639315,-4.0748415,-8.34959
public458,-8.057229,-6.0632615,-3.0995455,-8.2617035,-5.0130377
public459,-8.137469,-8.573173,-4.991622,-5.2319303,-4.4422874
public460,-4.785291,-7.51044,-5.016027,-3.0864935,-7.540298
public461,-7.8496423,-7.2908397,-5.5583797,-5.75475,-7.9164214
public462,-3.1262782,-3.9160743,-4.135313,-4.027588,-7.377283
public463,-3.205295,-6.6497197,-3.324965,-6.6859264,-7.5164046
public464,-4.277154,-7.3770003,-5.6964636,-6.4969764,-6.9660115
public465,-2.8108847,-5.7499475,-5.3529024,-3.95641,-5.5870295
public466,-3.423696,-7.0156956,-3.258223,-7.8656783,-7.643438
public467,-4.9430914,-8.199612,-3.267551,-8.97345,-5.999149
public468,-2.7918608,-8.577699,-5.796258,-3.2475224,-4.1041074
public469,-7.5942163,-6.8885856,-4.5039377,-7.877901,-7.1656837
public470,-3.5087478,-7.2660728,-3.2576318,-7.683054,-7.615289
public471,-4.977639,-8.840474,-5.689248,-5.2700996,-8.136137
public472,-2.7072413,-5.9167833,-5.935382,-3.6904068,-5.9527726
public473,-7.8614655,-6.4504504,-5.4417057,-4.646209,-6.3041263
public474,-7.2015524,-8.363649,-4.8191457,-3.891273,-7.4165645
public475,-4.271012,-5.941222,-4.4421563,-6.5304193,-4.5710726
public476,-3.780796,-7.7471447,-3.111676,-7.6437607,-7.911189
public477,-7.3421636,-7.0342555,-3.1202435,-3.013663,-4.875334
public478,-3.5268254,-7.4786444,-3.31321,-7.22524,-4.563972
public479,-2.8165073,-7.796294,-5.451618,-3.1914575,-5.2435923
public480,-3.2372913,-6.681427,-3.3846378,-6.3086123,-7.472914
public481,-3.7008007,-5.742731,-3.2597864,-4.9587,-8.07194
public482,-2.979157,-5.8154364,-3.613956,-5.13511,-6.19685
public483,-3.3552625,-6.7099137,-3.3329473,-7.9053726,-7.549557
public484,-3.4666398,-7.481603,-3.2599938,-8.14385,-7.7296495
public485,-3.3245409,-6.723532,-3.2380567,-8.075864,-7.7794423
public486,-3.015158,-7.140207,-5.5198827,-3.3266764,-5.6433606
public487,-3.254463,-7.0775003,-3.3667316,-7.940024,-7.5637946
public488,-5.704855,-4.8370423,-4.173862,-3.0895665,-7.324223
public489,-6.979658,-4.284496,-3.2196689,-3.885016,-4.1124134
public490,-3.1704628,-7.82572,-5.05834,-7.1679087,-6.953248
public491,-6.8033314,-5.6223445,-4.388262,-7.0489483,-5.713586
public492,-6.9396415,-7.045304,-3.8915865,-7.275066,-7.65503
public493,-6.9453588,-6.5757713,-3.7590597,-7.053493,-7.2790747
public494,-4.42355,-6.6299825,-4.253677,-4.723965,-4.764357
public495,-3.6813068,-4.184225,-3.478038,-8.411978,-7.4442544
public496,-7.344352,-5.208168,-3.7541497,-6.21726,-5.814117
public497,-3.1007702,-6.756578,-3.307537,-6.1483073,-7.236093
public498,-3.241779,-6.738148,-3.472263,-6.525175,-7.485083
public499,-2.9657154,-9.024828,-5.6875124,-3.3947752,-4.2753716
public500,-4.2341113,-5.1867137,-3.7516294,-7.9856405,-6.3521743
public501,-2.7698698,-5.763093,-5.638003,-3.951517,-5.7193155
public502,-4.3848205,-7.9327216,-3.6129212,-3.1763506,-6.9627695
public503,-2.8950462,-6.994651,-5.3937645,-3.215029,-5.535208
public504,-3.5396821,-7.712056,-3.5575452,-8.127003,-7.649171
public505,-4.5329866,-5.196908,-4.4685965,-7.5086327,-4.7037945
public506,-6.4217267,-5.1659026,-4.864534,-7.917183,-6.604735
public507,-3.2877815,-5.8862906,-6.181423,-7.9954515,-7.7259135
public508,-4.577494,-7.974122,-3.029409,-7.55922,-7.9770827
public509,-6.0831885,-8.3189945,-3.0176663,-7.819563,-5.5962186
public510,-7.1950245,-5.0993605,-4.6916065,-7.85148,-4.3960924
public511,-2.416592,-5.66489,-5.2052,-3.70197,-5.7058196
public512,-7.211685,-8.042283,-5.3491907,-6.761561,-5.100862
public513,-2.8063116,-6.39,-5.7916512,-3.2712936,-6.0595765
public514,-3.1632397,-6.4494195,-3.352048,-6.057666,-7.2594047
public515,-7.6662064,-4.554129,-6.198532,-8.46364,-8.262015
public516,-3.6869526,-3.7867467,-3.862482,-6.3418884,-7.87337
public517,-2.8298883,-5.8416414,-5.6055355,-3.8544087,-5.4560547
public518,-7.9030027,-4.388416,-3.8679965,-8.562485,-7.8052526
public519,-5.1100826,-4.2019386,-4.7534537,-6.9511476,-7.664113
public520,-4.3447247,-4.5799994,-6.1390233,-4.43267,-7.239166
public521,-7.4008512,-7.636446,-5.178334,-3.8401446,-7.693927
public522,-3.5554469,-7.5633183,-3.910428,-7.2602825,-7.422302
public523,-8.090251,-5.5953274,-5.3635964,-6.91382,-4.526292
public524,-4.0625467,-6.2408977,-5.2382164,-8.425246,-4.125039
public525,-3.3004253,-6.5354114,-3.2340026,-7.7124968,-7.7823873
public526,-4.6758647,-8.797073,-3.555201,-5.748046,-6.205376
public527,-7.5194974,-4.8597336,-5.2481093,-3.798538,-3.8322003
public528,-6.0334725,-5.0606217,-4.51587,-7.354317,-7.0566783
public529,-2.7307224,-6.1267986,-5.8947115,-3.3591774,-5.833414
public530,-2.954936,-6.76458,-5.3939815,-3.1419377,-5.736815
public531,-3.121983,-6.48188,-3.3199067,-5.8019423,-6.6719503
public532,-4.424362,-8.32468,-4.04195,-2.8306103,-4.2570195
public533,-3.4052858,-7.0800986,-3.2672253,-7.755368,-7.6652923
public534,-7.580939,-7.507476,-3.5527267,-4.0134315,-4.783411
public535,-4.04107,-5.3405423,-5.159712,-7.336317,-6.2121973
public536,-6.7242327,-7.393288,-3.8140328,-7.3429155,-7.1653676
public537,-3.408062,-7.081446,-3.1254978,-7.670539,-7.876602
public538,-3.2388992,-6.6641326,-3.2526522,-6.652651,-7.612437
public539,-8.034838,-4.797166,-4.0908446,-8.317732,-7.9297805
public540,-6.0565906,-7.875924,-6.288256,-8.066524,-6.254801
public541,-7.974303,-7.8485327,-4.3585024,-5.9921303,-6.0345783
public542,-3.0229375,-5.8743057,-4.1173573,-5.314329,-7.336045
public543,-3.6002474,-6.3046565,-6.4655476,-4.646847,-8.347087
public544,-3.1133094,-5.350649,-3.7959428,-6.153808,-4.518711
public545,-3.5022829,-7.338611,-3.554854,-7.303666,-7.474389
public546,-3.3495555,-4.0999985,-4.611146,-3.9015055,-5.8422794
public547,-3.1528792,-6.37697,-5.90964,-3.484307,-6.52532
public548,-6.982792,-4.261449,-5.466721,-5.0230064,-7.7272587
public549,-4.61512,-5.8518133,-5.797675,-5.3424287,-7.779955
public550,-3.9970381,-8.049328,-4.483654,-3.0562956,-4.434819
public551,-7.0526114,-4.4132433,-4.81892,-4.637384,-4.3318796
public552,-3.1040962,-6.4131584,-3.3429976,-5.8597264,-6.783445
public553,-3.0654917,-6.196638,-3.42729,-5.2948675,-5.9593673
public554,-2.9978752,-7.297537,-5.644897,-3.316027,-5.741582
public555,-2.9989235,-6.0731997,-3.740265,-5.0222135,-6.175043
public556,-5.591181,-4.5009127,-3.4781778,-3.0383425,-6.7785783
public557,-6.2127185,-5.997156,-5.0519433,-3.118775,-4.9545703
public558,-3.9891417,-8.328823,-5.5393486,-7.724498,-7.8383865
public559,-9.544057,-5.3445477,-4.7774243,-8.002046,-6.051904
public560,-3.1056547,-7.119492,-5.8613796,-3.5395288,-6.268434
public561,-6.0462804,-4.734893,-5.2978897,-7.2248554,-6.582079
public562,-6.5633016,-7.3054667,-4.8970637,-6.3753967,-8.11113
public563,-7.1627827,-4.563243,-5.2138863,-7.003327,-6.105995
public564,-3.2594993,-7.8833604,-3.1451025,-7.585126,-7.2622204
public565,-7.5734825,-5.025715,-4.7403445,-5.715213,-7.53788
public566,-3.3886726,-7.0518994,-3.2184343,-8.066851,-7.69881
public567,-6.010817,-7.4948554,-4.056067,-2.8324177,-7.0157967
public568,-8.375184,-6.963844,-4.005189,-6.883662,-6.812908
public569,-3.704072,-7.87416,-3.893682,-7.1809955,-7.4067955
public570,-8.01275,-7.5391703,-5.1659193,-5.97671,-4.967787
public571,-2.942778,-6.0153394,-3.7235243,-4.952015,-5.763557
public572,-6.6313295,-4.896464,-5.9172583,-6.3543043,-5.7560215
public573,-3.331986,-6.620073,-3.272149,-7.9353237,-7.650139
public574,-3.958267,-4.059101,-5.561383,-8.551037,-7.6204143
public575,-7.5910587,-5.5502567,-3.7907531,-6.0051684,-5.0654063
public576,-8.079039,-8.383816,-5.2334805,-5.0635095,-7.924893
public577,-3.5013068,-5.8324504,-4.041508,-7.2018104,-7.7092276
public578,-5.259692,-8.514938,-3.0820427,-7.9652104,-7.558634
public579,-5.797112,-8.286018,-5.2648993,-3.2750905,-4.094662
public580,-3.758526,-4.206415,-5.0346446,-3.9838946,-5.3080106
public581,-7.8214293,-5.403961,-4.198929,-7.6353073,-6.7289667
public582,-2.6265318,-5.599106,-6.045353,-3.564872,-6.108995
public583,-3.735135,-7.527505,-5.3085485,-2.8545816,-6.918214
public584,-2.7777,-5.235234,-4.2516646,-5.1851106,-4.7626987
public585,-8.885731,-5.808152,-5.608524,-4.422369,-9.057817
public586,-6.9411025,-7.200164,-4.459336,-4.4851904,-8.610874
public587,-5.620294,-8.402531,-3.8538334,-7.197283,-6.5764866
public588,-7.000708,-5.125921,-4.295986,-4.167064,-7.269488
public589,-3.4069679,-7.3358617,-3.4183245,-7.9203734,-7.6152678
public590,-3.6167092,-7.690985,-3.8637445,-7.286565,-7.347054
public591,-3.9269075,-8.1198435,-3.4384527,-7.3812523,-7.436952
public592,-2.8920557,-6.6465983,-5.911461,-3.4150276,-6.206981
public593,-3.878103,-5.2518253,-4.498673,-7.585619,-3.9981244
public594,-5.5564933,-7.019587,-6.2073045,-5.94667,-8.824454
public595,-4.9686913,-6.0503254,-3.7807512,-6.7762103,-8.712058
public596,-3.5601442,-7.57125,-3.410202,-7.3692126,-7.569706
public597,-3.3121026,-6.8648095,-3.3535028,-7.4765034,-7.61822
public598,-3.4373791,-7.765438,-3.3491457,-7.8423676,-7.570449
public599,-3.0028899,-4.644402,-4.094926,-6.526476,-4.0671782
public600,-5.9142966,-8.850224,-3.5169587,-8.624561,-8.206488
public601,-6.829607,-8.659997,-4.0926166,-7.6036396,-4.0666037
public602,-6.4341674,-8.448842,-5.3159595,-6.3036046,-7.2981224
public603,-6.8495417,-5.9832687,-3.961,-9.245798,-7.513238
public604,-8.214073,-5.41053,-3.7031012,-8.864838,-8.144475
public605,-3.0980923,-4.4809628,-5.4113965,-4.180042,-5.7510743
public606,-4.5721073,-7.689723,-4.8638916,-7.1907425,-8.137009
public607,-7.6007023,-5.932263,-3.202827,-7.5982194,-8.737305
public608,-7.9978714,-9.429964,-4.0859556,-5.695533,-5.4904413
public609,-5.061226,-6.920573,-5.639661,-7.7094135,-5.4010806
public610,-7.995036,-5.4728165,-3.9412515,-6.4217706,-8.416713
public611,-6.4427147,-6.325578,-2.8722086,-6.416514,-8.572754
public612,-5.7578654,-5.179059,-5.7592406,-4.738516,-7.5673647
public613,-6.942828,-5.5396204,-4.144,-4.6120887,-7.912416
public614,-7.2385206,-6.063629,-4.5270247,-8.07907,-7.6583686
public615,-7.021358,-3.9201684,-3.9882884,-5.293211,-7.9365625
public616,-8.113782,-6.9811482,-6.0428047,-5.902086,-5.700308
public617,-8.574838,-6.0948076,-4.391006,-8.869247,-6.1832223
public618,-5.9634385,-5.1363955,-2.580144,-7.991166,-9.050835
public619,-7.323327,-5.182208,-6.082613,-4.6682596,-6.4580326
public620,-5.707232,-5.685522,-3.55769,-7.0539837,-8.856636
public621,-7.2075934,-6.5950737,-4.4242516,-6.570452,-6.968321
public622,-5.996485,-3.778167,-5.2932673,-5.3198433,-8.533432
public623,-8.04226,-8.972675,-3.2194762,-5.9560366,-8.762646
public624,-6.9310255,-5.875601,-5.1274867,-2.925493,-7.3908515
public625,-6.6612196,-6.1583295,-4.1305285,-8.205677,-5.8623977
public626,-5.36099,-4.755725,-3.5042481,-4.368606,-8.264458
public627,-5.693,-5.4201565,-4.636976,-6.7921658,-7.8167095
public628,-5.5523143,-9.24912,-3.6169834,-4.938833,-8.167809
public629,-7.1987634,-6.583894,-3.5370805,-9.195138,-5.440823
public630,-7.8455973,-5.9506283,-3.9345083,-6.1931267,-6.3948107
public631,-8.499088,-5.156413,-3.2118232,-6.7467957,-6.2615347
public632,-4.575045,-8.112283,-3.4949083,-9.028027,-5.9826446
public633,-6.4434357,-7.444599,-3.0374112,-7.258275,-6.6071205
public634,-4.180419,-6.9891233,-5.3836904,-7.2419534,-8.285067
public635,-8.346358,-6.65817,-3.5432873,-7.013556,-7.9218545
public636,-7.174452,-7.2140884,-3.0867987,-5.7743535,-8.86451
public637,-5.968464,-3.6569455,-3.5210586,-5.349881,-5.28856
public638,-4.996988,-8.865526,-3.2985406,-7.871276,-8.101105
public639,-7.226083,-5.0143695,-4.0133533,-7.9086366,-8.371941
public640,-8.806231,-7.2745886,-3.6570117,-5.27314,-8.376383
public641,-6.434541,-5.4527287,-4.6582437,-6.603598,-7.020234
public642,-5.9364486,-8.866005,-4.048862,-8.862656,-3.9639473
public643,-7.387084,-4.4116325,-4.1810465,-5.2702203,-7.572556
public644,-8.245827,-7.3602333,-3.3340328,-3.8433025,-8.021481
public645,-8.812423,-8.499336,-2.9971375,-4.8348675,-8.833278
public646,-5.8555307,-8.631725,-4.7899475,-3.2767527,-5.022953
public647,-7.335981,-8.468837,-3.617948,-4.2181993,-7.9530835
public648,-5.850598,-8.442853,-3.7256706,-5.8139696,-8.224063
public649,-7.805578,-6.136875,-3.674642,-9.28037,-8.1601
public650,-4.1129045,-7.9858074,-3.5638351,-8.328872,-6.740886
public651,-4.521035,-4.847872,-3.287311,-8.629469,-8.545686
public652,-8.389595,-5.130891,-4.0843725,-8.215689,-7.905459
public653,-7.1796675,-7.1146264,-4.779926,-8.485379,-5.992226
public654,-5.902924,-7.2526274,-4.69117,-7.226224,-8.008047
public655,-5.2820873,-6.0069585,-4.555563,-8.492765,-6.390633
public656,-5.641136,-6.866879,-6.532838,-6.7740755,-7.107471
public657,-2.8544903,-6.384149,-6.1150293,-5.896313,-4.397049
public658,-6.0910845,-5.4121656,-3.9793777,-9.015627,-7.676782
public659,-7.685963,-5.8667636,-3.2446244,-5.786467,-7.7866025
public660,-7.9269695,-5.1865206,-4.1013656,-7.0420794,-7.8534904
public661,-9.697014,-5.155228,-6.22676,-7.2933965,-8.17326
public662,-5.029627,-8.34449,-4.065151,-3.405736,-7.514826
public663,-3.817769,-7.783419,-4.634382,-6.376862,-5.179279
public664,-5.195346,-4.3527107,-4.203583,-7.9909887,-5.4156656
public665,-4.1253767,-6.8750005,-4.2651405,-4.712022,-8.199222
public666,-7.9288216,-3.579447,-4.927321,-5.08458,-8.426959
public667,-7.9688287,-4.583787,-4.5489364,-7.463748,-8.011366
public668,-6.140521,-8.100328,-3.6247344,-3.9957132,-7.416429
public669,-7.4953737,-7.0033116,-4.1350145,-3.8998334,-8.415259
public670,-5.370535,-7.48566,-6.1094685,-4.266152,-7.1807656
public671,-7.3592596,-4.8201137,-4.665464,-8.5487,-8.442743
public672,-5.9915905,-8.071647,-4.2105055,-7.215887,-7.8992414
public673,-5.7680845,-8.713972,-3.2752805,-9.351197,-8.007429
public674,-7.9419074,-7.513959,-3.5222816,-7.22423,-8.36626
public675,-8.201181,-6.3214006,-3.4922519,-8.344866,-8.097136
public676,-8.242176,-7.9193144,-6.3028274,-4.852207,-4.8314033
public677,-6.4544325,-3.8031056,-4.4810567,-6.582386,-8.386203
public678,-8.343264,-6.3763547,-3.6369476,-7.367428,-7.8952103
public679,-6.7899137,-4.9593086,-3.3840528,-5.1193314,-8.349177
public680,-7.7343607,-6.70417,-3.419845,-6.5672016,-7.1408377
public681,-6.8878255,-4.888993,-3.8674762,-8.902494,-7.165668
public682,-7.818178,-5.0690155,-5.4800973,-7.5972176,-5.9187417
public683,-6.0035644,-4.9570656,-5.437,-4.7145705,-7.6859894
public684,-5.0246634,-4.9192753,-3.4761775,-5.6308274,-8.093694
public685,-4.0055165,-4.4349256,-5.2223606,-7.761617,-5.9305882
