sample_id,pred_log10_vmr_h2o,pred_log10_vmr_co2,pred_log10_vmr_co,pred_log10_vmr_ch4,pred_log10_vmr_nh3
poseidon_000001,-7.003399842707611,-7.0227945773192415,-7.06340760775484,-6.936902881308514,-6.96452397167669
poseidon_000002,-7.011836738337429,-6.942955718251036,-6.975024261786195,-7.056818491933822,-6.898823391407301
poseidon_000003,-6.954254695839438,-6.98545680628263,-6.9953717802447635,-7.0027130639393915,-7.034111091415588
poseidon_000004,-6.967358524771832,-6.968087727880461,-6.980757625847122,-7.020912562443951,-7.021881911990987
poseidon_000005,-7.005761044483259,-7.095367547510981,-7.102250249803087,-7.161650825705497,-7.003832255763525
poseidon_000006,-6.936477426412076,-6.964702029235589,-7.206049265410149,-7.121883416671742,-6.984278935117642
poseidon_000007,-7.002952182197248,-7.023441932581641,-7.008492555372351,-7.061631481502656,-6.981886013792008
poseidon_000008,-7.019984203320355,-7.053031710782618,-7.108514909759937,-7.0307981872369245,-6.9401297339387735
poseidon_000009,-7.1772347613128336,-7.243030012317509,-7.020169989374742,-7.1999629705086345,-6.959163159887328
poseidon_000010,-6.9118454322118765,-6.944563741415032,-7.006632168168735,-6.988101576840481,-6.909418510289445
poseidon_000011,-6.9310241861963515,-6.96605945834101,-6.953653699815844,-7.001688897205437,-7.011774588865652
poseidon_000012,-7.018191689852077,-7.037094741118434,-6.963018611671697,-7.020476492919572,-7.0725918262457155
poseidon_000013,-7.007186483754983,-6.983819980041746,-6.9958516456108235,-6.95566717390709,-7.038680994646892
poseidon_000014,-6.9880347819476905,-6.957004908651202,-7.029771652425553,-7.088072608007366,-7.051119991469718
poseidon_000015,-7.090941439803523,-7.038969305057086,-7.057462160505886,-7.071772271578788,-6.9943401827236595
poseidon_000016,-6.986861246276623,-6.995547605771488,-7.077814833596263,-6.959686395198596,-6.994314222529923
poseidon_000017,-6.993512885302349,-6.990932095222358,-7.044168343039033,-7.05685849139802,-6.995309889661023
poseidon_000018,-7.029331476257348,-7.06536230017003,-6.997065849795329,-7.020008927781493,-6.963534081134512
poseidon_000019,-7.014460736860734,-7.157706933298608,-7.003700418666412,-7.183091962731549,-6.9444914544491185
poseidon_000020,-7.141383683591571,-7.0959653542357195,-7.041233147462988,-7.0490938788939905,-7.015677210212457
poseidon_000021,-7.109004367241141,-6.995901028393295,-7.072204546009488,-7.0819664932630975,-7.003262878305343
poseidon_000022,-7.010901311965436,-7.042670797372557,-7.05767058690272,-7.012391566935255,-7.027165881833506
poseidon_000023,-7.019215425114209,-7.060156250417477,-6.971296545747556,-7.0282823133807595,-6.963761875039022
poseidon_000024,-6.992189775369069,-7.004608182711066,-7.006410698269844,-7.031981323950607,-7.047261122473284
poseidon_000025,-7.002309064387052,-6.987072557156643,-6.9881064768647105,-7.00913808407298,-7.041471205743108
poseidon_000026,-6.81044197474649,-7.012521351369774,-7.012372199819129,-7.0731977467463985,-6.875916729724853
poseidon_000027,-6.969145961415042,-7.128052723785876,-6.950717759541336,-7.015316535135413,-6.893684219915139
poseidon_000028,-6.998583150624876,-7.011504890123328,-7.013065787463814,-6.985586572613394,-7.010171980111206
poseidon_000029,-6.9430103388992865,-7.032980517565679,-7.079007316631494,-7.050711511757859,-7.016692730609742
poseidon_000030,-7.038639412754467,-7.086359081662726,-6.959544490989927,-7.055653102551953,-6.9149027228106
poseidon_000031,-7.0166261864442525,-6.963274946171983,-7.042552434992634,-6.981939436749925,-6.9196621996602286
poseidon_000032,-7.01041315424597,-7.015518852143634,-7.06509692198012,-7.046033745265039,-7.060218457198885
poseidon_000033,-6.935818947826627,-7.081697542721921,-7.015078612821625,-7.070703885778596,-6.997264740871948
poseidon_000034,-7.191871647773044,-7.2130866839266385,-7.011511697799499,-7.151053802473953,-6.996814683030087
poseidon_000035,-6.984685858000887,-6.9661990385442545,-6.964706468519255,-7.0335691148726,-7.067741924255858
poseidon_000036,-7.074452936546545,-7.035115786311455,-6.9473618995927175,-6.977571546563929,-6.962177564426001
poseidon_000037,-6.940291637180546,-6.999757516361993,-7.025354101556389,-6.999335176427268,-7.012961643852686
poseidon_000038,-7.022692056419069,-6.988993203082286,-6.979435291805709,-6.967792186855817,-7.088227179448498
poseidon_000039,-6.930698500412845,-7.012878071248367,-7.022292036059175,-7.070353943728509,-7.027317686850981
poseidon_000040,-7.063737537016881,-7.066811362442468,-7.094957348486543,-7.172829989146148,-7.027944612946248
poseidon_000041,-6.933246518488809,-6.996061126275988,-7.014011529317648,-7.078190928473834,-6.967861712230694
poseidon_000042,-7.020700278711571,-7.100125370084648,-7.039613923004029,-7.035932903752487,-6.955208940258321
poseidon_000043,-6.984034766720276,-7.082424381240461,-6.993808799420503,-7.04605391520359,-6.923520986011312
poseidon_000044,-7.0375518868976,-7.044242906672232,-7.018214488752945,-7.034685186963642,-7.038408793740542
poseidon_000045,-6.825309987812356,-6.928489792894977,-7.01162092259522,-7.079153021797761,-7.026544748573705
poseidon_000046,-7.0254287176954024,-6.965532641008197,-6.982415579821791,-6.981935170651453,-7.06593988202479
poseidon_000047,-6.889694827742987,-6.994455457532522,-6.894362971097513,-7.024107148757461,-6.890724445513363
poseidon_000048,-7.001039590876921,-7.131000455015601,-7.088919221107478,-7.027022990344187,-6.9577813926188155
poseidon_000049,-6.988398963438522,-6.965478604580669,-7.002008150765127,-7.070244821155553,-7.019015977476156
poseidon_000050,-6.998430972348678,-6.964186129162236,-6.991782754341579,-7.006672706902926,-7.098591279360916
poseidon_000051,-6.997875693798003,-6.947079992478493,-6.994745135146912,-6.9499036270577745,-7.015223328564058
poseidon_000052,-7.013027102185125,-7.0013751518071485,-7.070658142565038,-6.910328002318826,-7.015080290514745
poseidon_000053,-6.910652389103837,-7.044641795973863,-6.988949632468624,-7.058031310158221,-6.970682757736251
poseidon_000054,-6.90448268880249,-7.023757834039786,-7.075933365239928,-7.0299565971334665,-6.906636529989477
poseidon_000055,-7.031613927345093,-7.079182683306025,-7.060619927345516,-6.993807640621713,-7.01475168768584
poseidon_000056,-7.19038620115777,-7.1887016893037705,-7.03248375444316,-7.122834770925162,-6.92741401109932
poseidon_000057,-7.227849892368967,-7.372001119344811,-7.021340135266894,-7.290014740161605,-6.889560675677326
poseidon_000058,-7.031315392390387,-7.027640728261289,-6.9986912613630485,-7.0022641694138645,-7.007243579942919
poseidon_000059,-7.069105963943085,-7.005787381074103,-7.013879647620732,-7.053347077328571,-7.0390727021094746
poseidon_000060,-6.959420740720743,-6.98706813068289,-6.976234197568647,-7.0327704202435894,-7.034084770734188
poseidon_000061,-6.976049144271929,-6.981793871475757,-7.097435028450418,-7.2454617201599,-6.961800884533465
poseidon_000062,-6.976359466037749,-7.0120772175776604,-7.007190917319473,-7.198483719245202,-6.9454357941049185
poseidon_000063,-6.992091899667317,-6.9859723187978995,-7.006136172495147,-6.964497095699601,-7.020759242381075
poseidon_000064,-7.0156406152722965,-7.021764656500197,-6.939537195950501,-6.972958941405847,-6.978580442762712
poseidon_000065,-6.980997187407065,-7.014307461627633,-7.007939725358224,-7.042665055479311,-7.006121638393851
poseidon_000066,-6.988486135815103,-7.03850496842434,-7.003539191759393,-7.010467812468362,-7.054866561729784
poseidon_000067,-6.954274521138101,-7.12519947341783,-6.958246123928818,-6.973653118455007,-7.019425678378397
poseidon_000068,-7.047332538847944,-7.012842929831171,-6.977871876709532,-6.984083150311864,-7.05232612057979
poseidon_000069,-7.005008313311824,-7.055186863142976,-7.000619888755768,-7.076843124376293,-7.007704410158549
poseidon_000070,-6.915950522153294,-7.053346274685009,-6.95590038503688,-6.902972436339899,-6.80180194921063
poseidon_000071,-6.951121533391997,-7.031175779899198,-7.035385439576003,-7.023948137498534,-6.996457097381793
poseidon_000072,-7.008115807537729,-6.983704590757946,-6.97345010145899,-6.956727136373798,-7.047788420458682
poseidon_000073,-7.0023291540075085,-7.1090547448864605,-7.009761781304681,-7.128084201548192,-6.999694646634544
poseidon_000074,-7.025614149191063,-7.116760472410475,-7.057989590607386,-7.067792886437165,-6.964654530575368
poseidon_000075,-6.9694412696860715,-6.957501378056166,-6.975813163222851,-6.928383425447279,-7.0411888024876434
poseidon_000076,-6.93960702583162,-7.020995745705211,-7.023997139633094,-6.998788711390473,-7.04088047752393
poseidon_000077,-7.004384311813356,-7.002419986462294,-6.929089953914566,-6.97535136427452,-7.019952052506176
poseidon_000078,-6.978859547795419,-6.936660600344748,-6.961776499234417,-7.005543976424274,-7.00077625202232
poseidon_000079,-7.038416318902642,-7.010208790139709,-6.979459915870542,-7.002855247370529,-7.030087823972072
poseidon_000080,-6.948631800913895,-7.0112934827393705,-6.993325343261937,-6.997431977284421,-6.965550359398864
poseidon_000081,-7.008709729549942,-7.041776416063573,-7.016092498343622,-7.012499470803059,-7.078709707704454
poseidon_000082,-6.985307602556023,-6.983692380823629,-6.979717014988847,-6.970798603920568,-7.039069989259392
poseidon_000083,-6.961870666018854,-6.941783364927407,-7.071836213961114,-6.9602974877067245,-6.987477601773203
poseidon_000084,-6.836060112530591,-6.917459205179059,-7.01659579233326,-7.083839894677067,-6.974630598555724
poseidon_000085,-7.025205535709719,-7.035914005668681,-6.977383687721489,-7.03666053395188,-7.047673753697459
poseidon_000086,-7.003672956373805,-6.954378842165356,-7.029670706059338,-7.006208781072988,-6.958498057921445
poseidon_000087,-7.0847681525071655,-7.026725638107328,-7.002683104485591,-7.014942886954572,-7.042216287268631
poseidon_000088,-6.96126279054882,-7.037967780169705,-7.106727263542254,-7.044465105216523,-6.95245627045129
poseidon_000089,-6.905043533354745,-7.069272547463151,-7.02976379720602,-7.104098561482827,-6.976881680689744
poseidon_000090,-7.073637118281743,-7.148390361844747,-7.059285808315837,-7.119358045959769,-6.941926520028664
poseidon_000091,-6.989789532884095,-6.979039400668154,-6.928170117051746,-6.9503642742414,-7.0369818010979674
poseidon_000092,-6.989586136816226,-6.993825163324241,-6.98919665598416,-6.972021983522388,-7.054475884134953
poseidon_000093,-6.906264372448106,-7.060836068915892,-7.064904563591773,-6.950479022212053,-6.969556943827637
poseidon_000094,-6.833373522165858,-6.9148530821784355,-7.031221319798985,-7.035025128076951,-6.996631976023945
poseidon_000095,-6.959615198648505,-6.9504149529104735,-6.957553671047939,-6.960146960254967,-7.020505874027089
poseidon_000096,-7.129768672909342,-7.173620219021003,-7.039187054272041,-7.114796543578187,-6.882435463592579
poseidon_000097,-6.99916302540721,-7.063686817756789,-6.986316375798524,-7.044156110411389,-6.956548574932656
poseidon_000098,-6.773212813172199,-6.9852267950884,-7.073368633917584,-6.97261856226762,-6.969820604796653
poseidon_000099,-6.975877717765257,-6.993656395739795,-7.041010694013616,-6.99618185640729,-6.991380567340646
poseidon_000100,-6.896147765465283,-6.988173591296771,-7.034647911752428,-7.123784033772322,-7.028162544856605
poseidon_000101,-6.923441606318572,-7.076722573290428,-7.116021403647362,-7.095257836540833,-6.939005969102908
poseidon_000102,-6.922632449009213,-7.022424961243069,-6.980232961298528,-7.033015347268874,-7.004638431601386
poseidon_000103,-7.035328925545188,-6.9512244618292245,-6.986940021776248,-6.9140950261706235,-6.881044254837836
poseidon_000104,-6.947761569112062,-6.972592493195698,-6.92889785257987,-6.982040549504395,-7.035191359448843
poseidon_000105,-6.990904345069791,-7.0243504760035735,-7.042597664364933,-6.98534673494412,-7.042484453951982
poseidon_000106,-7.037620012096283,-7.096053179888447,-7.042403750720078,-7.081196015192512,-6.956714102722707
poseidon_000107,-6.985292889902214,-6.964157815799869,-6.996138605387538,-7.033468047140367,-7.051201039415325
poseidon_000108,-6.928259350671339,-7.150198352870863,-6.941177124596296,-7.155042282994753,-6.85572064517464
poseidon_000109,-7.024338995899824,-7.091326897592869,-7.079809174634436,-7.111274840175906,-6.917518116986741
poseidon_000110,-7.0182723547923995,-6.994609959364372,-6.98681709000787,-6.97190792771389,-6.963130643548126
poseidon_000111,-6.908446629268323,-7.027025995900612,-7.009987728971053,-7.045042965647377,-7.046814318011037
poseidon_000112,-7.138696221396007,-7.0138117333293915,-7.065863330597962,-7.076831322301192,-7.017466640595376
poseidon_000113,-6.920520383911262,-7.025331907091091,-6.9975527713324475,-6.985349662601501,-6.938991207299636
poseidon_000114,-6.9434259161741485,-7.0181836128054504,-7.062088530885893,-7.0918178202716815,-6.92820587671989
poseidon_000115,-7.04322230003247,-7.0330518918597935,-7.041855266178844,-6.9992354161391175,-6.969698905859223
poseidon_000116,-7.011291179444709,-6.991920033611673,-7.004044599309215,-7.03114596302506,-7.026093214470924
poseidon_000117,-6.947826451274013,-6.965860065982545,-7.065607719435575,-7.1291368714971,-6.918728144347464
poseidon_000118,-7.051439319929794,-7.028922184523431,-7.0090682453564614,-7.117203735354324,-7.010131632689569
poseidon_000119,-7.0269414060266335,-7.000430453740829,-7.079479151622978,-7.025548795709529,-6.986351895652544
poseidon_000120,-7.125900488646253,-7.171302348078253,-6.969849849072457,-7.19921047770334,-7.037471677037275
poseidon_000121,-7.072303746038941,-7.031011466719302,-6.985075831950259,-7.135377888952905,-6.948860832961923
poseidon_000122,-6.961273039456567,-7.102116391686322,-7.048912936094019,-7.067834772449688,-7.005512320858382
poseidon_000123,-6.9895471518357635,-6.934299874249433,-7.057561406156325,-6.990751926259578,-6.949203231213932
poseidon_000124,-6.99190786008983,-6.957510445571465,-6.989346288167788,-7.013170041265836,-7.062944424493088
poseidon_000125,-7.00564931271933,-6.971910496774351,-7.009744030674073,-6.963749049905051,-7.070093614885566
poseidon_000126,-7.247575513700257,-7.459888917408036,-7.126866811090107,-7.351613638242969,-6.969889116247411
poseidon_000127,-7.000828321304848,-6.998676727205157,-6.985997099902521,-7.029224890415843,-7.004606648256237
poseidon_000128,-7.0073030854054315,-6.999948030144,-6.996095643870011,-6.992497034211525,-6.968344605208834
poseidon_000129,-6.966462983461724,-7.0354507835276845,-6.989739711547305,-7.042738453366263,-6.995446509127545
poseidon_000130,-6.906098541106932,-6.975583783092378,-6.964410732898344,-7.094824840729193,-6.974506856737802
poseidon_000131,-7.129064542557067,-6.973237794480438,-6.986996663856173,-7.00662583961951,-6.94062787718139
poseidon_000132,-7.060592030171471,-7.011196894834294,-7.035781260969253,-7.038386305828662,-6.961246475742452
poseidon_000133,-6.981942692439141,-7.030073974196668,-7.032463103930748,-7.1055433687363845,-6.959216800326337
poseidon_000134,-7.124065399572905,-7.1301206732096265,-7.0027644629889085,-7.1442780406135595,-6.992324813152219
poseidon_000135,-6.963402033046599,-7.053897303451153,-7.074485144927383,-7.108901233480128,-6.997022161196781
poseidon_000136,-6.9297546417966,-7.026922688525891,-7.038437760790977,-7.079877647914117,-6.970710743486439
poseidon_000137,-6.913815611519754,-6.906550759385809,-6.994711230688384,-6.9670176264720824,-6.98746021678357
poseidon_000138,-7.029178778070547,-7.0890235517328914,-6.9627727964820325,-7.161570323663701,-6.937664863404943
poseidon_000139,-6.997027081881803,-6.975436184161,-6.991748704449572,-6.9869605542440185,-6.971676953256077
poseidon_000140,-7.054402113018759,-7.02331051839049,-7.0364908897062755,-7.04343971236797,-6.999834124878439
poseidon_000141,-6.943658695517403,-6.992303489430167,-7.045788064215897,-7.06872129660412,-6.970826545061588
poseidon_000142,-7.028704928244146,-6.90142872166086,-7.030505145732584,-7.061740494163502,-7.044540858864165
poseidon_000143,-7.039961102159239,-6.995021251080311,-7.060828865508158,-6.937270544570263,-6.975432597029398
poseidon_000144,-6.859003152022075,-6.998305264111982,-7.014940556644917,-7.015581446363391,-6.95830099749181
poseidon_000145,-6.9015951946056475,-6.940379157402009,-7.065293949444805,-7.032629446894077,-7.030865672470648
poseidon_000146,-6.992436458971015,-6.985607910471545,-6.99190541237174,-6.9862945158304885,-7.042496774746121
poseidon_000147,-7.010649481879463,-7.076571096222531,-7.02481205963068,-7.1020197585100595,-7.043443499879144
poseidon_000148,-7.122888212400668,-6.995289803502413,-7.036683377022788,-6.964151340599874,-6.978883751297569
poseidon_000149,-7.00666443191323,-7.18883814880029,-7.0834173737291515,-7.135898554340109,-7.011773005795015
poseidon_000150,-6.939715451065172,-7.0233215904211805,-7.001229251657003,-7.098877698591387,-6.87991715707568
poseidon_000151,-6.9503103983307275,-6.993241943014773,-7.0192895867206255,-6.939376181189166,-6.9502107762100875
poseidon_000152,-7.00636818559922,-6.884424900299844,-7.026404548533755,-7.041385950692529,-7.008938640587966
poseidon_000153,-7.044842825708753,-6.999918455070347,-6.933910886938009,-6.961899933369124,-7.012646446458428
poseidon_000154,-6.957261416613735,-7.033853377958368,-7.0288321940489675,-7.040401874361887,-6.9789616705464175
poseidon_000155,-6.914985022481482,-7.002485831081414,-7.064584741067522,-7.080114225820306,-7.03927136474973
poseidon_000156,-7.167510424294047,-6.969083797249542,-7.093634946495433,-6.9894181655204335,-6.970278094528921
poseidon_000157,-6.98466692663351,-6.981182135497494,-7.039484754317862,-7.019953570056981,-7.00827836836377
poseidon_000158,-7.005825054425877,-7.010112403254181,-6.977306523337506,-6.997199340945204,-7.039238880612627
poseidon_000159,-7.047130032177257,-7.025290020778654,-7.028765674972246,-6.98506247825009,-7.0504896625532965
poseidon_000160,-6.9650913987497045,-7.015157085180426,-7.0194143574359105,-7.031540943292279,-7.013505483264977
poseidon_000161,-6.995155613129026,-7.0030093896655705,-7.018492892545518,-7.0288384618999595,-7.009024358304097
poseidon_000162,-6.939199071982009,-6.9904478141438675,-7.020932658292823,-7.182419659407512,-7.129305338965537
poseidon_000163,-7.306318408159427,-7.330880753921169,-7.05107182843786,-7.278187578145976,-6.809647618015102
poseidon_000164,-6.952133769996094,-7.007864748373246,-7.050442989873485,-7.0536457220598106,-6.9840163700727125
poseidon_000165,-7.052817336264055,-7.028227980447358,-7.038399580158031,-7.069243198109733,-7.03947354069943
poseidon_000166,-7.088136426205271,-7.18004535159501,-6.994792431590558,-7.263576763187615,-6.964136230444986
poseidon_000167,-6.927255922949363,-7.087027141434395,-7.02262307298576,-6.999474566355911,-6.968212145740365
poseidon_000168,-6.998806700060236,-6.957208858912275,-7.059225854070312,-6.923630262897248,-6.894847310294675
poseidon_000169,-7.143651368755214,-7.137626789954758,-7.040357279899391,-7.123027410563384,-6.917142432457962
poseidon_000170,-7.015973448293533,-7.040305916681173,-7.085624299767552,-7.18632019974543,-6.9476761206152515
poseidon_000171,-7.080865317014429,-7.098714790590206,-6.9916976324728575,-7.085297785942572,-7.033823002753664
poseidon_000172,-6.9464442132043125,-6.948770765970032,-7.021335836125024,-6.99818390673831,-7.067553546972207
poseidon_000173,-6.925321890365444,-7.058137608109961,-6.997973755073203,-7.110260284927149,-6.9890387642958425
poseidon_000174,-6.947156111612568,-6.947474549533877,-7.071649126042016,-7.066205809765184,-6.959676049958395
poseidon_000175,-7.06151418782785,-7.118881577774756,-6.998962977066268,-7.048986357359847,-6.909090312246286
poseidon_000176,-7.002284347855533,-7.0239174569756395,-6.978593565235786,-6.99251080367495,-7.0664266563353335
poseidon_000177,-7.03076471705187,-6.982288615628319,-7.089097160795068,-7.000182185602807,-6.930065305586391
poseidon_000178,-7.03997378566141,-6.950417536531342,-7.045275198975837,-6.94999975700733,-6.981751584281162
poseidon_000179,-6.943927715818146,-7.042727722428417,-6.994698619637282,-7.039168047270729,-7.028643470966866
poseidon_000180,-7.112927804229941,-7.064084252937394,-7.027369506504602,-7.069103513804459,-7.0340855139414105
poseidon_000181,-6.956106554411914,-7.075349877627529,-7.058106185187117,-7.115573126824973,-6.992132976024351
poseidon_000182,-7.091177803289351,-7.014936358128774,-7.101580921383554,-6.976034857781497,-6.988584363612245
poseidon_000183,-7.062909958049341,-7.077166795945274,-7.035499906631491,-7.082580939928376,-7.0150161053684865
poseidon_000184,-7.037669151856165,-7.03959682067693,-6.969500451591991,-6.972546911633886,-7.05817576979871
poseidon_000185,-7.060518375773271,-7.034826231364056,-7.0284030309240455,-6.998453559552741,-7.066849115681883
poseidon_000186,-7.030222455068612,-7.036429159212168,-7.049524632388911,-7.084426770748841,-7.005470128914271
poseidon_000187,-6.864561836218224,-7.026468130343393,-6.9556985537989,-6.947142592296113,-6.782076534626348
poseidon_000188,-6.984835869132548,-7.011255537215571,-7.123857224769894,-7.074925373973903,-7.008829259629734
poseidon_000189,-6.945144689748124,-7.0055446624323245,-7.016267719094646,-6.930041935142589,-6.964412312616974
poseidon_000190,-6.9839120463928595,-6.981110986423872,-7.032593566948646,-7.07256964597141,-6.823317732855046
poseidon_000191,-6.91385499923832,-7.030482937550229,-7.000257008435113,-7.062273437185029,-6.928888867542825
poseidon_000192,-6.870676228020591,-6.883028152251512,-7.060314735983781,-6.9226263998999835,-6.943509382945257
poseidon_000193,-6.9631546756747,-6.972897267117426,-7.143296939026858,-7.1501949515360215,-6.98516619012501
poseidon_000194,-6.993095279246365,-6.980004467330772,-6.982317857394749,-6.998678457727668,-7.076342574752298
poseidon_000195,-6.968398098157162,-6.9705231220960036,-7.058223494156577,-6.9816792300292425,-7.0065370070050355
poseidon_000196,-6.832134428819411,-7.039804740529913,-7.071768032589335,-6.870982617479613,-6.822229441667739
poseidon_000197,-7.039208921854238,-7.078297501279223,-7.037808883771098,-7.075735699556075,-6.970184243003933
poseidon_000198,-7.079098975778485,-7.077456009933362,-7.028095734457965,-7.075477902406168,-6.980764544511398
poseidon_000199,-6.987179813287953,-7.139964073347223,-7.012845859737023,-7.1711496957718435,-6.8862505772099265
poseidon_000200,-6.9981924614931765,-7.0271619552983084,-7.026049581841448,-7.021796316338662,-7.0270258107748536
poseidon_000201,-7.077390518861117,-7.0373967093976315,-7.086854507635472,-6.969963182988336,-6.893364838941507
poseidon_000202,-7.007160136871883,-6.996595320752081,-7.043670967055417,-7.041468652704011,-7.0016463947318135
poseidon_000203,-7.008222956107825,-7.0609901266618005,-7.081097864342571,-7.0679901237987615,-7.003481416150384
poseidon_000204,-7.080876772499606,-7.091134939796821,-7.038263656679295,-6.937807395420499,-6.955237893285884
poseidon_000205,-6.9937714572636445,-7.013014041830579,-6.984377343643326,-6.986276984008882,-7.048309998681016
poseidon_000206,-6.943790994795219,-6.908769067785347,-7.041451447361659,-7.0262967126012015,-6.939076980998415
poseidon_000207,-6.990573338541156,-6.991811085362579,-6.965475444826452,-6.958076205522517,-7.062330587242498
poseidon_000208,-6.931142839720532,-7.004609420806344,-7.0537885154411715,-6.987859545542667,-6.969885510177629
poseidon_000209,-6.957965918248959,-7.047742045087344,-7.0385498856581705,-7.058159827643249,-7.098317388132057
poseidon_000210,-7.022279368414833,-7.002731205071951,-7.1106409954225684,-7.104073028738557,-6.992470611371216
poseidon_000211,-6.931291279677819,-7.003229264643617,-7.081370120125699,-7.0220013277325455,-6.952185403644996
poseidon_000212,-6.972901985937158,-7.00534568388411,-6.998317296367864,-6.949447147816158,-7.025818735570559
poseidon_000213,-6.956070578694005,-6.976430868650154,-7.057777259420017,-7.0239482523808014,-6.929742755445591
poseidon_000214,-6.938577994169259,-7.101054607346424,-7.114960811955207,-6.966838739551283,-6.876574343012295
poseidon_000215,-7.043627199759696,-6.999230341543155,-6.99509851846915,-6.965106257328606,-7.040365197171621
poseidon_000216,-7.088214654046261,-6.984800967140363,-7.032106578603122,-6.975152635299597,-6.949484079127834
poseidon_000217,-6.966145583258725,-7.043439781440908,-7.006653950010621,-7.00005331171859,-6.961370971083628
poseidon_000218,-7.174089090025219,-7.262938403700628,-7.052740074870518,-7.292119397427481,-6.8894859582764765
poseidon_000219,-7.00784341545472,-6.995725341437926,-6.977324736499172,-6.960704374934986,-7.016133271054282
poseidon_000220,-6.999672746706635,-6.965006218065694,-7.113176822980683,-6.941922030812012,-6.860039953948631
poseidon_000221,-7.036696403246377,-6.974059073091636,-6.978959029943795,-6.980388584108292,-7.061917315863736
poseidon_000222,-6.924201399789351,-6.963930308811199,-7.037665723473765,-7.031270194163567,-6.949705592556102
poseidon_000223,-7.025876968983557,-6.981657381510086,-7.000691364487042,-7.012742746700813,-7.063427226428852
poseidon_000224,-7.07888038405052,-7.088683765321971,-6.983159815357667,-7.124512381656928,-6.976438306895579
poseidon_000225,-7.0079356003112565,-7.053266794627582,-7.0785154789646105,-7.0695876873625805,-6.948800979247318
poseidon_000226,-6.842362565764678,-7.053507091893119,-7.097461426661107,-6.9603560344179565,-6.9481794661474305
poseidon_000227,-7.016028196756229,-7.031610341741504,-7.064962231398398,-7.110030218179223,-6.938578784547951
poseidon_000228,-6.9486369500337455,-7.071813502478781,-7.202175727040374,-6.997670481843915,-6.9569919476455775
poseidon_000229,-7.08906108427372,-7.037026611968464,-7.0267363982908835,-7.1020663379514835,-7.04495436187684
poseidon_000230,-7.008472371118632,-7.024881201427379,-7.013046361533196,-7.012304812454701,-6.993774035244036
poseidon_000231,-6.992917731796416,-6.99908431816629,-7.010143301773644,-6.972722856828242,-7.020732118755138
poseidon_000232,-7.031778233966742,-6.960226653899592,-6.970253161733871,-6.955031217296548,-7.05916539622461
poseidon_000233,-6.986918231331053,-6.982872087498864,-7.028952598569581,-7.013495121884113,-6.944034233088083
poseidon_000234,-7.001432094956184,-6.974734266617736,-7.028041747479716,-7.016179363808938,-7.062555414102731
poseidon_000235,-7.021190945937031,-7.106820764709841,-7.066584467871697,-7.067340465277294,-7.003085518280725
poseidon_000236,-6.941126775395698,-7.025637931398556,-7.02059114653141,-7.002608962573812,-6.990895599276758
poseidon_000237,-7.016125507057212,-6.951851383446387,-7.001331954395013,-6.94925197466523,-7.027487397422493
poseidon_000238,-6.994807162406507,-6.971189073276448,-6.985099631821,-6.997952224648367,-7.025385035737604
poseidon_000239,-7.081052747171995,-7.107333759611388,-7.044924302595252,-7.043435113369486,-6.992183236857741
poseidon_000240,-7.057293064697004,-7.052621697215359,-6.950839180954393,-7.009894152030655,-6.970188471011565
poseidon_000241,-6.998158225422653,-6.93648109881055,-6.993840617853508,-7.018435139310968,-7.024340899976412
poseidon_000242,-7.044528443758008,-7.0078434996450865,-6.99975708861452,-6.987909708908176,-7.080912058563818
poseidon_000243,-7.060094768776627,-6.995819102881818,-7.022225025050962,-7.0066081363720105,-6.884746570956032
poseidon_000244,-6.985513655816642,-6.987667249704344,-6.993584810676202,-6.997371097414119,-6.9885908915234465
poseidon_000245,-6.979177519007221,-7.006599452256801,-7.0263547774990025,-6.959988071426401,-7.001060363256248
poseidon_000246,-7.057350781467442,-7.093267164438498,-7.0057346815386525,-7.095812540215544,-6.984127522196835
poseidon_000247,-6.95756903521069,-6.948217307313278,-7.046986251954465,-6.95391219686794,-6.9394703049814295
poseidon_000248,-7.055035167343357,-7.017439893455786,-6.970581068133849,-7.009695591240079,-7.065420141059814
poseidon_000249,-6.962558558646849,-6.945395951473759,-7.067573968061658,-7.046577664144006,-7.0513580327964815
poseidon_000250,-7.101244931538719,-7.032160018768704,-6.975431890431394,-6.998158215394324,-7.041585455350146
poseidon_000251,-7.012871112293727,-6.994269500762676,-7.019170580512905,-6.985759228472288,-6.901406261906305
poseidon_000252,-7.0502494143507555,-7.11666061230612,-7.006750845791739,-7.041351402850339,-6.993772865417687
poseidon_000253,-6.945836205260288,-6.99684083196513,-7.039626071606855,-6.988224923886812,-7.0130551860299235
poseidon_000254,-7.009861513396165,-7.051994064550161,-6.9651723626393,-7.017523804604824,-7.052695164094011
poseidon_000255,-7.017810199241295,-7.006583324218926,-7.000931122759633,-6.968976544887136,-7.026701643399093
poseidon_000256,-7.066107747408503,-7.055563327056213,-6.988075583433655,-7.040813167344283,-6.906211170302584
poseidon_000257,-7.061147928730806,-7.005135523512029,-7.065448646582488,-6.987101228786997,-7.059721617227081
poseidon_000258,-6.9932229312784875,-7.046987755460411,-7.021482643608818,-7.080477984995555,-6.999698196031928
poseidon_000259,-6.857875955958523,-7.011891046619349,-7.092847060094612,-6.948233471024293,-6.956977121131434
poseidon_000260,-7.043210800392328,-6.999580601417109,-7.049413294607363,-7.026589421389169,-6.955596407173324
poseidon_000261,-6.976035620917273,-6.964330040719627,-7.010501526175884,-7.018781667058937,-6.907334463896692
poseidon_000262,-6.970386306827902,-7.032083827624136,-7.015235271048778,-7.195888756402265,-6.904189153629946
poseidon_000263,-7.014777184077892,-7.0283708616753415,-6.960173072459143,-7.064142466313878,-7.025001739462478
poseidon_000264,-7.00751653114169,-7.0092591494610454,-6.989297279772051,-6.996178197758257,-7.040016112442312
poseidon_000265,-6.996432199076283,-7.010479597621479,-6.993540087411186,-6.993534552432712,-6.992698440974658
poseidon_000266,-7.034140896855871,-7.048704196972978,-7.006066011651586,-7.104301961180567,-7.006721751566143
poseidon_000267,-6.974384880265037,-6.980176987618095,-7.010428861092221,-6.984038194499537,-6.984218502346483
poseidon_000268,-7.015921179810279,-6.957298018573921,-7.001162355703765,-6.939790341911208,-7.008253009022509
poseidon_000269,-6.992589522003569,-7.01237123162557,-6.988150731976178,-6.993803118968329,-7.0178009141418
poseidon_000270,-7.075002816251109,-7.06094809954861,-6.978194609069301,-7.044461572640419,-7.036543778737324
poseidon_000271,-7.046288724040628,-6.975709272462023,-6.97211524190595,-6.979676987060695,-7.0145375104052485
poseidon_000272,-7.026906613463236,-7.037999205933694,-6.97620846308937,-7.011095186926783,-6.945321204267006
poseidon_000273,-6.865013255686222,-7.013734874751524,-7.083134997969444,-7.022342125698097,-6.947011347169035
poseidon_000274,-7.001136474804875,-6.981976073560351,-6.969536381786761,-6.979562106401895,-6.978686398590017
poseidon_000275,-7.131486083246629,-7.009592799202186,-7.026706782604862,-7.085796818249511,-6.985717997214449
poseidon_000276,-6.99446892815687,-6.985608251113528,-6.995693916523228,-6.973706003088473,-7.020340974226632
poseidon_000277,-7.036794189248027,-6.980959410708843,-7.022083827630613,-6.930218845593542,-7.053128893771589
poseidon_000278,-7.02072756629074,-6.99052597255915,-7.019242743903004,-6.961025292927704,-7.034772438916145
poseidon_000279,-6.9371221177922555,-6.988583693931872,-7.040501770012606,-6.980660814054019,-7.005381690717125
poseidon_000280,-7.027852916678098,-7.197218916020282,-7.104687472019529,-7.24742539143404,-6.926584152040824
poseidon_000281,-7.0922756789477335,-7.060502146715412,-7.0898193679895956,-7.1009077417433835,-7.019029951491643
poseidon_000282,-6.992477888992902,-6.97965844820142,-7.0478657030931515,-7.068553421893311,-7.023200741202268
poseidon_000283,-7.062285515395862,-7.010799648365441,-7.005098577695225,-7.117097401852911,-6.959234105482288
poseidon_000284,-7.001479378264816,-6.983073819514901,-6.959064788572314,-6.970797669621985,-7.035113588664946
poseidon_000285,-6.960530795986754,-7.033219380548864,-7.103649060919842,-7.000089072367088,-7.017528537615453
poseidon_000286,-6.9799004413599945,-6.986905410562307,-7.0386630144191376,-6.971710795896021,-7.04128658214647
poseidon_000287,-6.893985685847877,-7.037292382299759,-7.074620873830934,-7.090422688583305,-6.897284942972147
poseidon_000288,-6.907605896696283,-7.01331428622098,-6.994495211075801,-7.045649271891871,-6.969893838163443
poseidon_000289,-6.934046332276819,-7.001723686861892,-7.000940773269675,-6.9677452546837095,-6.980270908348842
poseidon_000290,-6.933320046229411,-6.9736366900962885,-7.0844435116735305,-7.145139526349643,-7.028361537914911
poseidon_000291,-7.042708555774636,-7.046959195206548,-7.079861733645208,-7.076727463212665,-6.979523315759544
poseidon_000292,-7.058054736265239,-7.086155274194061,-7.132571483258073,-7.143579160308536,-6.95568180260335
poseidon_000293,-6.911910937327311,-6.986525118397622,-7.023995954803687,-7.1458744596504555,-6.946219149872765
poseidon_000294,-6.889724742859773,-7.009726171402406,-7.023578557747642,-7.041214532400386,-6.953482916041808
poseidon_000295,-6.925015365214531,-7.01619086390979,-6.997962052107094,-7.20643539351735,-7.005352454010832
poseidon_000296,-7.0111022592161465,-7.013699637224071,-6.969186727004493,-6.983162029807798,-6.982553108442278
poseidon_000297,-6.959466983033172,-6.99674026148599,-6.981746834146391,-6.998222936083153,-7.039407716978801
poseidon_000298,-7.0429384247014815,-7.022288106605318,-6.990936188744696,-7.060304453317696,-7.016685096214954
poseidon_000299,-7.076860357416038,-7.033182448971379,-7.0522217976395325,-7.020182263051501,-6.962554318815713
poseidon_000300,-7.033110222168014,-7.063177751403876,-7.049238677152538,-7.006779107461088,-6.991859894269893
poseidon_000301,-6.90123054491285,-7.128362148271495,-7.133069862877746,-7.050471645220707,-6.94139484738171
poseidon_000302,-7.039835934406826,-7.002160637275831,-6.994743935794331,-6.978760230684122,-7.034816055216881
poseidon_000303,-6.986991030172319,-7.007585999605486,-7.0446388851807855,-6.981085241785456,-7.018275699055052
poseidon_000304,-7.101197341833222,-7.103915045812495,-6.9792249104812845,-7.084172715186917,-6.998131825066167
poseidon_000305,-7.014504105998662,-6.976848490957874,-7.091192352078553,-7.0808681914013105,-7.016996904981344
poseidon_000306,-7.056523423503359,-6.96767331751016,-7.062039368478138,-7.036315136295587,-6.986390564450523
poseidon_000307,-6.92006079644219,-6.943506309973592,-6.958430531075259,-7.054060764778573,-7.009530404728889
poseidon_000308,-7.172580830343905,-7.2287277505509255,-7.038966647225258,-7.222103472031336,-6.8474093107395815
poseidon_000309,-7.009687804386912,-7.054914937664009,-7.017109687405105,-7.043629117079931,-6.991595498607622
poseidon_000310,-6.88677694597054,-7.007548277897802,-7.048112742907381,-6.9520652535655305,-7.012501140272319
poseidon_000311,-7.140998117029634,-7.166388934735971,-7.005298108857333,-7.133863734130227,-6.980736883021352
poseidon_000312,-7.029630533544031,-7.011421662274313,-6.943142870750147,-7.014837576665682,-6.97700667039416
poseidon_000313,-7.025957430226505,-7.044324243917837,-7.039505226913028,-7.040528487473424,-6.989521940597374
poseidon_000314,-6.991363162223022,-7.034000167856884,-6.94092524112681,-7.002238038055417,-6.948257443622839
poseidon_000315,-7.006490814674598,-6.9980947959902755,-7.022535539708224,-6.982519637173004,-7.0402897279117385
poseidon_000316,-6.99541324533391,-7.037090755298637,-6.9467492000757005,-7.056024022368277,-7.043896623452907
poseidon_000317,-7.027944620202963,-6.994158660161093,-7.069475775141943,-7.024848098783082,-7.017707153349675
poseidon_000318,-6.937173599089519,-7.034060409537454,-7.032493687818631,-6.97912024360109,-7.007839304829704
poseidon_000319,-7.003996957552619,-7.039198417488763,-7.011970522708259,-6.9810042360646545,-6.995262677742988
poseidon_000320,-7.015566724353672,-7.017171467856466,-7.049302886875443,-6.977669330820097,-7.048383691038635
poseidon_000321,-6.983902207330542,-7.050603611989084,-7.061818780252504,-7.0277574907576374,-6.895752369875553
poseidon_000322,-7.017348717679585,-7.005875435235343,-6.889827416861304,-7.186478972425081,-6.970384949420689
poseidon_000323,-7.05066454714772,-7.191009736748034,-7.064131900625628,-7.118726613869166,-6.915752528384056
poseidon_000324,-7.017630746198757,-6.990104574976941,-7.007457730524227,-6.9847992303603466,-7.051966072436526
poseidon_000325,-6.954187422733407,-6.959942993191678,-6.99756394055161,-6.954276195113312,-7.023016733723011
poseidon_000326,-6.95982915900034,-7.117875640291396,-7.114302659719053,-7.125591604335213,-6.887996535763442
poseidon_000327,-6.951259786601574,-7.0109457137638165,-7.101033130560255,-7.140987748290177,-7.103018805621922
poseidon_000328,-6.95340994763535,-6.964050741422202,-6.956887898993878,-6.886478806866289,-6.922592409717041
poseidon_000329,-6.986821956975154,-6.9947069490370755,-6.982411421123905,-6.976275723337469,-6.997964357345317
poseidon_000330,-6.996027822951019,-7.004155583517,-7.002531734036636,-6.989116382068486,-6.998614058624521
poseidon_000331,-7.098863294368412,-6.985163197630893,-7.008346079241227,-7.181485172875918,-7.038047984538961
poseidon_000332,-7.059001500521703,-7.0257235439392955,-6.964201264627991,-7.010486880409403,-7.040066179862701
poseidon_000333,-6.927627190290101,-6.970927136987973,-6.962778823495991,-7.028264223759001,-6.920914939201213
poseidon_000334,-7.032092623435391,-7.091145146997449,-7.037050093964958,-7.072266724705319,-7.044860102058208
poseidon_000335,-7.019951797250657,-7.0060479758055845,-6.974516046077991,-6.968721188236772,-7.04217796962116
poseidon_000336,-7.045930772315021,-6.995459927985733,-6.990989791249091,-7.060770486420065,-7.029245660383845
poseidon_000337,-6.953137702834566,-7.026086790575919,-7.047728058462909,-7.053023744092092,-6.9191326012054
poseidon_000338,-7.091485216178328,-7.078391275098745,-7.037968516516491,-7.182468429605191,-6.991597891172895
poseidon_000339,-7.017247056780299,-6.989539500680482,-7.035297340814432,-7.026755603575459,-7.011272835976642
poseidon_000340,-6.912500205657407,-6.9451902531834095,-6.959781655460291,-6.995651050183371,-6.973204841543789
poseidon_000341,-7.030331778528453,-6.905421327955581,-7.0541522847353555,-6.9737662869497905,-6.923803524660066
poseidon_000342,-6.976578306216544,-7.046088994771894,-6.973932353681858,-7.035061516282498,-6.9277832483233475
poseidon_000343,-7.094173735287521,-7.004578291511,-7.1124435232124785,-6.963841927636129,-6.935915264060011
poseidon_000344,-7.030160099633612,-6.993466852675444,-7.018268197577597,-7.098768370442492,-6.996994583624643
poseidon_000345,-6.972488387930437,-6.97397193596922,-6.964929724365373,-7.0496277423498865,-7.0167758062523315
poseidon_000346,-6.927633014097819,-7.030373998958389,-7.008765511834177,-7.028381699278098,-6.981280244612306
poseidon_000347,-6.782050907450779,-7.017915347287415,-6.9404161340682595,-7.012368372674316,-6.90432826772442
poseidon_000348,-6.964187565075702,-7.043206089798519,-7.027300709224402,-6.995189848106658,-7.022915307414076
poseidon_000349,-7.002191857272818,-7.000616206582528,-7.036541480634423,-7.075734687313278,-7.091275289344807
poseidon_000350,-7.034839349699796,-7.0635383369153875,-6.959027045833768,-7.038621723300621,-6.945861080088353
poseidon_000351,-6.89045173159613,-7.062716941533184,-6.952291448865048,-7.066035144400315,-6.895167120021946
poseidon_000352,-7.040286827812481,-7.068658650322727,-6.993307229060714,-7.004746093858655,-7.049452787065627
poseidon_000353,-6.990940983408865,-6.989872908621357,-6.963830140605081,-6.939075320067892,-7.067457063570573
poseidon_000354,-6.930886463865249,-7.014455170212063,-7.041009447205975,-6.997385965897692,-7.034448790453151
poseidon_000355,-7.019086954389675,-6.922847345576503,-7.016350240892044,-7.088395612703859,-7.0142730923132355
poseidon_000356,-6.965389287496291,-6.999169854627965,-6.951386757927193,-6.993398887608824,-7.047033510850214
poseidon_000357,-7.047721913328739,-7.019151168514045,-6.999910382602314,-7.000654592622282,-7.0285751715089075
poseidon_000358,-6.916660780002444,-7.025840755731523,-7.038807195895236,-7.106364172353295,-6.956046101744548
poseidon_000359,-7.01193572273101,-7.053535919917627,-7.064483001046603,-7.121870185166752,-7.028394897602739
poseidon_000360,-7.021519224290482,-7.0307496335795525,-6.987786914037405,-7.068632297918292,-7.025858754561431
poseidon_000361,-7.2686969165263875,-7.366916750471979,-7.0509916116892954,-7.278511846350024,-6.870016634653125
poseidon_000362,-7.087534805748678,-7.102845592069869,-7.053956864079895,-7.045057426697464,-6.97291192398495
poseidon_000363,-7.030430875433767,-7.028892868351892,-7.048813426599933,-7.006674155990992,-7.026722064401405
poseidon_000364,-7.021119451127211,-7.023240970726914,-7.009870500537343,-7.026878761465836,-7.011090388104185
poseidon_000365,-6.987828561211579,-7.003699014767088,-6.961926688111426,-7.018897207030544,-6.94211833702221
poseidon_000366,-6.998742020592843,-7.032301106346841,-6.952802488237899,-7.051312474610943,-6.956623424812715
poseidon_000367,-7.037539682020922,-6.988813318085999,-6.943426780797925,-6.966213849440296,-6.990792296558115
poseidon_000368,-6.8955455479742245,-6.935881211471584,-7.046759356608803,-6.987498981420328,-6.920190251716147
poseidon_000369,-7.125485447205061,-7.248633890492504,-7.00751985838629,-7.168633051049467,-6.876783356447202
poseidon_000370,-6.980740958698192,-6.965293651536621,-7.004235620067275,-7.015697509036769,-7.001564345310246
poseidon_000371,-6.989116528622324,-7.097059866773694,-6.988115602798023,-7.058970112898252,-6.970520982573634
poseidon_000372,-6.986966897745156,-6.962927176952241,-6.982107266575597,-6.968637652022792,-7.075739122800032
poseidon_000373,-7.081013163467242,-6.958101753971493,-7.010187623461718,-7.185839101625219,-6.899164073062715
poseidon_000374,-6.978819488661213,-7.001852314218449,-7.0313526398383,-7.0323966877857265,-7.028467569263456
poseidon_000375,-7.020765784532093,-7.0398896030883975,-6.968879934247126,-7.004986274343534,-7.0074694827678385
poseidon_000376,-6.9701223209007965,-7.022801789027207,-7.04181571786627,-7.016885341000938,-6.989394573344602
poseidon_000377,-7.011219495191489,-6.9794947072751485,-7.034060746311935,-7.015498269726115,-7.063593201296708
poseidon_000378,-6.964378077646902,-7.02933601736364,-7.014017969378876,-7.0123009345704,-7.053424471370108
poseidon_000379,-7.009403100944017,-6.993571737943399,-7.015988592420492,-6.99591853758384,-7.052000049477369
poseidon_000380,-7.015442953007247,-7.060879415445513,-6.955716854576677,-6.98530718516806,-7.035320921297994
poseidon_000381,-7.065767997304796,-7.08064839051489,-7.078463374405213,-7.017440463762671,-7.0273799318035515
poseidon_000382,-7.015984854696685,-7.00495244737538,-7.0327690818801765,-6.98209942729324,-6.99108713244232
poseidon_000383,-6.943261488823209,-6.982252228723583,-7.0436325080294475,-7.005561047733149,-6.9693535425963615
poseidon_000384,-7.02748667395112,-6.990925891658032,-6.991497507955034,-7.018867201638748,-7.033532283291687
poseidon_000385,-6.96712298390031,-6.969337263599901,-6.975208824439484,-7.012298109770004,-7.063966946390597
poseidon_000386,-6.995169630334013,-6.969206100634396,-7.00968666948247,-6.987999147924432,-7.02563553974932
poseidon_000387,-6.973396001758519,-6.9971111125158085,-7.020670586222595,-6.971491008431164,-6.990417668612903
poseidon_000388,-7.032113267680231,-7.084816824287965,-7.03094536672995,-7.065351475520013,-7.003656091959343
poseidon_000389,-7.056903427054607,-7.1379981512419794,-7.020946798776245,-7.184912408020573,-6.968770493037714
poseidon_000390,-6.8894102980018355,-6.949365783119649,-6.985726706107511,-6.983171558356323,-6.920395286743942
poseidon_000391,-6.931114782074491,-7.030797145649771,-7.061439751114443,-7.060078663640164,-7.049665101323719
poseidon_000392,-7.020807363284515,-6.9984804658360895,-7.04896412945749,-7.014064192282895,-6.991271725938891
poseidon_000393,-7.151630254381345,-7.0853124381702175,-7.0582215679173075,-7.158932863277179,-6.902898524350552
poseidon_000394,-6.982985786840918,-7.113614537485197,-7.029848800806495,-7.085961462933925,-7.007791647322839
poseidon_000395,-6.946957687848283,-7.061003485045451,-7.029910429705674,-7.060614381306403,-6.929656161419352
poseidon_000396,-6.993427203187843,-7.008428272830193,-7.002779161851889,-7.061348379718913,-7.019044396077765
poseidon_000397,-6.998954199460154,-6.967957122103582,-7.003051914134018,-6.9725162391206705,-7.054360633085907
poseidon_000398,-6.970526681340576,-7.00701668551626,-7.0771123416766555,-6.943831220923489,-7.015261485285295
poseidon_000399,-7.024204740438407,-7.022198728561396,-6.974394464844164,-6.97398250326217,-7.042968144596028
poseidon_000400,-6.841889120119904,-6.988656640982498,-7.067332595818568,-7.032649780029347,-6.8762547141746975
poseidon_000401,-7.056787117195629,-7.027870961402831,-7.1159746531817465,-7.016991884422636,-7.086051113725127
poseidon_000402,-7.027720425138123,-7.043626306479497,-6.974282313362963,-6.999275331360573,-7.03211058394687
poseidon_000403,-7.017315923550387,-7.01947383847526,-7.045441217671764,-7.123420352797363,-7.012690827318716
poseidon_000404,-6.975332200622672,-7.003203460091819,-7.01052098825721,-6.973935346018903,-7.023918123635735
poseidon_000405,-7.067351608463658,-7.184001472169085,-7.071771208721508,-7.201161879122627,-6.884015564316964
poseidon_000406,-6.971433322824269,-7.068743560214529,-6.9846014713951465,-7.0923986641974155,-7.0173264067379595
poseidon_000407,-6.964915539063465,-6.975827117620559,-7.071219941684641,-6.9915784967078745,-6.914783820781909
poseidon_000408,-6.997379335179486,-6.991680509488491,-6.9864605584913555,-6.964029535315254,-7.076113511671201
poseidon_000409,-6.962864980720235,-6.9791254964248495,-6.958003201039083,-6.945921843477069,-6.99300630991688
poseidon_000410,-7.004590893747497,-7.018412363828126,-7.007148440593328,-7.12407317442228,-7.049288024977468
poseidon_000411,-7.061640909899744,-7.062216695755429,-7.008799715133648,-7.075572440042357,-7.0065818413090755
poseidon_000412,-7.045161689117961,-6.985962304204266,-7.013354216654015,-7.010821979184768,-7.035281994902648
poseidon_000413,-7.055671060636684,-7.025151242012386,-7.003584998939478,-6.982129821081986,-7.041006153442497
poseidon_000414,-7.061098585376523,-7.007779949134222,-6.984656757607531,-7.084799325865872,-6.894762370030717
poseidon_000415,-6.9556984510597095,-7.0435254396376905,-7.123193026077583,-7.030277269637229,-6.88952830155799
poseidon_000416,-6.995106021708739,-6.901258638241473,-7.051268393476205,-7.082631169056453,-6.949108643238195
poseidon_000417,-6.997135811163458,-6.983749259401408,-7.026696173265071,-7.053580421127345,-7.0095188336905885
poseidon_000418,-7.065716703865901,-7.0370120441672315,-7.015624520749249,-6.932994089976598,-6.983713572195466
poseidon_000419,-7.050319922155278,-7.093807371918223,-6.990911508786779,-7.049563468573863,-7.035278814710618
poseidon_000420,-7.201740932512751,-7.3685188453265775,-7.036201039405532,-7.273682789495338,-6.88197096047036
poseidon_000421,-7.169759858498822,-7.10982649081361,-7.052003337917519,-7.087617965889965,-7.061117001993999
poseidon_000422,-7.0133892293864974,-7.016521885505186,-6.992346259291685,-7.045092917181922,-7.022227020345035
poseidon_000423,-6.950370719670691,-6.9732082303636655,-7.0065800976326935,-6.992172201893251,-7.035391350436386
poseidon_000424,-6.976748198838944,-7.099436385069407,-7.097603394972838,-7.09670214745496,-6.90264250739116
poseidon_000425,-6.984874660671064,-7.080979028561826,-7.015829433088732,-7.114823440386293,-7.0175446102261425
poseidon_000426,-6.921450642536938,-7.085497589563485,-7.095982889881752,-7.102658572851165,-6.917360934640782
poseidon_000427,-6.98938915408977,-7.004534562547565,-6.99056972612352,-6.929841774651876,-6.963946541381752
poseidon_000428,-7.026667704853937,-7.017220956771537,-6.996854616238848,-7.0233469129596475,-6.991372372390702
poseidon_000429,-7.089275358614427,-7.075758267529791,-7.076204487550519,-6.914344588505464,-6.865344173999217
poseidon_000430,-6.95374877045829,-7.0162327064155665,-6.981345314514795,-7.141535889993804,-7.021079016648995
poseidon_000431,-6.9731168978635765,-6.955576244446513,-7.007099958113403,-6.940130573263537,-7.080672273905444
poseidon_000432,-6.975987262753871,-7.019633387440694,-7.007512048149183,-6.96035065478173,-7.012118198175681
poseidon_000433,-7.060716147557488,-7.034643579449642,-6.988754859593809,-7.017563278729977,-7.042573193711299
poseidon_000434,-6.985786754113702,-6.998325410947826,-7.034551744902895,-7.067683826808094,-7.043309704144943
poseidon_000435,-6.98282037920085,-6.994968304668349,-6.984213991985202,-6.998971076690488,-7.054555665710935
poseidon_000436,-7.01139526139685,-7.136605581712609,-7.0274422170692805,-7.138978607637479,-6.73857466150081
poseidon_000437,-7.021788847331992,-7.084110139258026,-7.0980244616522254,-7.099978964062742,-6.837153498382507
poseidon_000438,-7.021878547356212,-6.974528537765357,-6.98493829039689,-6.985185170910676,-7.06860697816531
poseidon_000439,-7.0360669320219555,-7.113161894615713,-7.117224116800227,-7.121660295539915,-6.9312774244350335
poseidon_000440,-7.113704543598275,-7.089062991544947,-6.990370219903188,-7.104024945887457,-7.022065950370484
poseidon_000441,-6.995950366711639,-6.9710112108744715,-7.07578656377869,-7.0655227302829555,-6.975948321936251
poseidon_000442,-7.021275494853285,-7.010367202179776,-6.996759831943308,-7.020624990868423,-7.016744418635243
poseidon_000443,-7.0051792356142295,-6.972474567784341,-7.001017703797314,-7.00625332541851,-6.984601833920858
poseidon_000444,-6.969151310716586,-6.995981881231464,-7.0793782406145045,-7.099160319444084,-6.948552548707054
poseidon_000445,-6.95645571410488,-7.118038389377463,-6.973496198754352,-6.930835630358922,-6.854964796920625
poseidon_000446,-7.042964583985403,-6.99935840104505,-7.024941391805197,-6.93856963860852,-6.9639550293254
poseidon_000447,-6.9535249926209985,-6.862324907751917,-7.067400390639948,-6.910629241783061,-6.916524994830211
poseidon_000448,-7.0259736710981615,-6.989105448099591,-7.01373098132759,-7.01176712260575,-7.014094292466543
poseidon_000449,-7.183349658702635,-7.278532362075472,-7.051935194869626,-7.23731489671261,-6.937398088111031
poseidon_000450,-6.987619619836528,-7.126334262627966,-7.146100375080208,-7.136259159141493,-7.0372697611877735
poseidon_000451,-7.056918942521582,-6.990765952425825,-7.021290943445666,-6.9860457737835,-7.023076726877925
poseidon_000452,-7.087942061175862,-7.157834013263833,-7.054374644868588,-7.153406357316272,-7.0007328094191354
poseidon_000453,-7.1188822249769315,-7.198738570694067,-7.034901778659698,-7.18038600838517,-6.879658226560654
poseidon_000454,-7.261303996771208,-7.433804131805762,-7.054836849048053,-7.356399497908175,-6.803350606591721
poseidon_000455,-6.9117423183152225,-6.971116902919522,-7.033849084164981,-7.117046459796411,-6.987801645158845
poseidon_000456,-6.922813018983699,-6.995145655766511,-6.964880142826411,-7.074259672768041,-6.756169203942101
poseidon_000457,-7.057827427567722,-7.107223013768051,-7.009149399374941,-7.097213780722367,-7.012164014042307
poseidon_000458,-7.061053082306982,-7.047086675215326,-6.976623665548839,-7.021510154727863,-7.007950411348136
poseidon_000459,-6.8608859088950735,-6.968811923773971,-6.961832818957672,-7.013770964376411,-6.924108678847087
poseidon_000460,-6.906646179664899,-7.000388179823432,-6.959408368938399,-6.984045614321343,-6.953444415434816
poseidon_000461,-6.985909107636163,-7.027087002285704,-6.9894294467483995,-7.035977207843567,-7.050709554353899
poseidon_000462,-7.022313534718971,-7.086973262682318,-7.014341737016671,-7.050761085897569,-7.005540897776916
poseidon_000463,-7.03496583545923,-6.998876004301017,-7.049260128078476,-7.029182047253478,-7.015429013301015
poseidon_000464,-7.0237502681174115,-7.035796188561844,-7.017150910597234,-7.055565304526038,-7.024590348232643
poseidon_000465,-6.954203595132955,-7.000478223969521,-7.099161348187675,-7.007570926941994,-6.993810289255512
poseidon_000466,-6.930271522798597,-6.917190620154985,-6.9445486732365,-7.092458362944889,-6.985598538721048
poseidon_000467,-6.960592907495711,-7.075979343141753,-7.082054087345204,-7.027103227731525,-6.998039126211698
poseidon_000468,-7.068865323755435,-7.112787928624351,-7.060731375026387,-7.080363406388705,-6.98768309167246
poseidon_000469,-6.802792058601037,-6.898474650092893,-7.174290541357128,-7.0130589900424685,-6.867368586618664
poseidon_000470,-7.037205155033382,-6.982363269268748,-6.996263088025749,-6.987643013320819,-7.087648592072096
poseidon_000471,-7.1033787326858295,-7.072607664401213,-7.010174612243955,-7.083485071414498,-7.000590643748469
poseidon_000472,-6.903488410627117,-6.987771637146659,-7.10006946132783,-7.094680095170941,-6.962350780081963
poseidon_000473,-7.05928431549681,-6.919980949893678,-6.9880747337073785,-7.055118902731219,-6.9710802466747275
poseidon_000474,-7.062556179960073,-7.035285566961269,-7.149692376421424,-6.995678440890906,-6.9438410668889885
poseidon_000475,-7.107635963037617,-7.00892437193664,-7.0014361783968075,-6.991297002820839,-7.002318040828643
poseidon_000476,-7.005444639613033,-7.002867892645686,-6.9573218613384125,-7.007904390440604,-7.051107649313253
poseidon_000477,-7.019219522016362,-7.02351526449577,-7.046803613893413,-7.114267770672843,-7.060213428403343
poseidon_000478,-6.984609125053827,-6.989912052068334,-6.9997621157057095,-6.983274731574,-7.018042737746031
poseidon_000479,-7.004568003656079,-6.990037222328838,-7.015818872098199,-7.030492546579614,-7.068101665613828
poseidon_000480,-7.000870501888037,-7.002392045724102,-7.131333972256658,-6.997894293495121,-6.980781292748102
poseidon_000481,-6.977163925267453,-6.935657274902699,-6.982777586817518,-6.974360172333391,-6.994473711506024
poseidon_000482,-6.986258031099071,-6.933539576208694,-7.052222177315591,-7.015250725772988,-6.987964837593358
poseidon_000483,-7.11952964836472,-6.9743239618399056,-7.004709344913343,-7.034037631207209,-7.025646234244966
poseidon_000484,-7.017894839957995,-6.970327955543451,-6.989109524868795,-6.987605989188039,-7.036668645136269
poseidon_000485,-6.92603156742532,-6.959715526352527,-6.94997594481298,-7.109134206027374,-6.999019750905197
poseidon_000486,-6.87197188123774,-7.051123665067545,-7.043362860685013,-6.968603683594929,-6.979845625444037
poseidon_000487,-6.900551518914873,-7.117516973743009,-7.036926827597912,-7.011047144380695,-6.924836802012849
poseidon_000488,-7.065562475291805,-7.046764980492407,-6.97811513281362,-7.0527229887230165,-6.9967314988570735
poseidon_000489,-7.088396800295837,-6.991231886438222,-6.8784455312383495,-7.102344855935179,-6.954928798666832
poseidon_000490,-7.011567394912478,-7.031712493198304,-6.974330512421291,-6.985893442227299,-7.006587948277487
poseidon_000491,-6.981621115244925,-7.000792779497591,-6.965743093194796,-7.005463696272481,-7.041068009734667
poseidon_000492,-7.01196527759385,-7.089210297073112,-7.069481712374347,-7.0922951735029995,-6.96921035563342
poseidon_000493,-6.968032209620889,-6.957664781756262,-6.998940842034313,-6.909587638725247,-6.925106826918555
poseidon_000494,-6.965826580388065,-6.99971878326982,-7.02737523762977,-7.000295263646758,-7.048604523312236
poseidon_000495,-7.041870824560235,-6.976407897448566,-6.947701923144547,-6.977268876678859,-6.979273235177462
poseidon_000496,-7.016734316512164,-7.019728303029613,-6.912503001092386,-7.06870596083092,-6.965762530789618
poseidon_000497,-7.18450477308673,-7.283622552472045,-7.02605389165102,-7.243724750749785,-6.962444758570202
poseidon_000498,-7.114122985619059,-6.932995915090331,-6.99047943978954,-6.984632455664376,-7.010454296812142
poseidon_000499,-7.084011424966638,-7.061907284431327,-6.937076957172378,-7.053738964181378,-7.048682784308943
poseidon_000500,-6.943011378500035,-6.872799429086528,-7.061257836112939,-7.072131117735963,-6.940556321009005
poseidon_000501,-7.024332587601659,-7.007937642830691,-7.037112690705595,-7.0187753503117225,-7.064963637249801
poseidon_000502,-7.0327227674002275,-7.024803801201708,-7.003595607822442,-7.030507773432864,-7.0154607689868405
poseidon_000503,-7.024801477883479,-6.973018839537366,-6.986164475916835,-6.935377825790116,-6.986855952402621
poseidon_000504,-6.912658921993837,-7.0847691640571036,-7.0197406649924385,-6.989362260002502,-7.033638124707196
poseidon_000505,-6.989402051469634,-7.076163606295054,-6.952797415954214,-7.014860911899955,-7.04586865410521
poseidon_000506,-6.951543663584016,-6.977638023912051,-7.113400618777692,-7.098583014770273,-6.939652737603269
poseidon_000507,-6.9080043717698425,-6.972538325633198,-7.023343533177006,-6.975339075938982,-6.9582035869721794
poseidon_000508,-7.069182276378367,-7.034160720112039,-6.97914678732477,-7.084525377398175,-6.981050020712365
poseidon_000509,-6.973585806732111,-6.975937564112294,-7.016900259768654,-7.026887574134341,-7.033422947409208
poseidon_000510,-7.0953215085766494,-6.988506255793605,-7.02455582814858,-6.9826987927482795,-7.085900982000087
poseidon_000511,-6.856674371783965,-7.074190037110392,-7.110763575051237,-7.141100079480548,-6.971866265492938
poseidon_000512,-6.991772365171152,-6.9664759733679755,-7.0153314012136025,-6.976135383470558,-7.002696782779294
poseidon_000513,-7.095228444838895,-7.0143432294032015,-6.989959204830527,-7.11463194777226,-6.997294014251383
poseidon_000514,-7.106216316498143,-7.117951067594621,-7.0584113827137145,-7.066302020302805,-6.975128872650702
poseidon_000515,-7.04719309854874,-6.972622751391058,-7.0415297217026,-7.033511712759882,-6.970865578881514
poseidon_000516,-7.002558030184828,-6.9867330636068266,-6.983158082377244,-6.99040115160993,-7.074652645543748
poseidon_000517,-7.075522536266966,-7.099087873329943,-7.016627263317973,-7.052482323372508,-6.915752426774198
poseidon_000518,-7.048917495985263,-7.010643986994412,-6.987105634114523,-7.019079930349413,-7.01914447605308
poseidon_000519,-6.936881272799723,-6.996852569009465,-7.052697862336298,-7.157778201317122,-7.012919140028081
poseidon_000520,-7.008907410323167,-7.084842261304881,-7.0959022211433505,-7.074230554100661,-6.973232020703738
poseidon_000521,-6.95742403157991,-7.009087798248786,-7.036434010923724,-7.044984438244835,-6.957687032457142
poseidon_000522,-6.990172765941211,-6.977032780591503,-7.015349821035378,-7.014645160330422,-6.983343363917088
poseidon_000523,-7.041272479938724,-7.081222456358333,-7.058856431010641,-6.999325022010139,-7.05909236588115
poseidon_000524,-6.85684212714231,-7.039710784026279,-7.069245858773325,-6.907604923494694,-6.976463552950059
poseidon_000525,-7.0286765104340745,-6.984796319727475,-6.987443396992448,-6.997212042921054,-7.060095358722263
poseidon_000526,-7.034156252432567,-6.973142860951889,-6.969578693685107,-6.97000228732693,-7.059554125055736
poseidon_000527,-7.018915905798588,-6.973177329706125,-7.004323408342409,-6.978023711000599,-7.017515396508384
poseidon_000528,-6.969750016105508,-7.064232748260592,-7.015492621128915,-6.9634669810446645,-7.071223546940407
poseidon_000529,-7.02196703445213,-7.0325047961131935,-6.950934781534537,-7.041228141366298,-6.978320776335612
poseidon_000530,-7.138348151987636,-7.157116077721767,-7.0029528511274535,-7.133031810399029,-7.011978807050553
poseidon_000531,-6.997512090037053,-6.8788556861707555,-7.009169715263542,-6.992485500281064,-6.970337220879984
poseidon_000532,-6.930321801786762,-6.9911172528143215,-6.979529892644094,-6.993603711762052,-7.035109841836476
poseidon_000533,-6.981644472549984,-7.007598211391407,-7.030657015778429,-7.0213374031316445,-7.021921061017608
poseidon_000534,-7.008602069689218,-6.990624596187732,-7.110971898005365,-7.0611979184504365,-7.014755763404023
poseidon_000535,-7.031263500827857,-6.987802448824175,-7.0216896932937924,-7.024171761603148,-6.947658537865204
poseidon_000536,-6.958816106745905,-7.2135763691312835,-6.964045088544636,-7.222908759615384,-6.748565623950222
poseidon_000537,-6.9414800153170635,-7.00270378861789,-7.027951419486732,-6.981204758884098,-6.974998569748129
poseidon_000538,-6.978219076068355,-6.964089140194746,-6.9897919615282085,-6.995212626611837,-6.994405553365629
poseidon_000539,-6.963887772294838,-7.01170067265741,-7.002693177347301,-7.0179609066764375,-7.033280082908071
poseidon_000540,-6.849371390741674,-7.014800907087836,-7.0591183153420785,-7.021832808390524,-6.94853480270628
poseidon_000541,-7.116586930915341,-7.111458472775694,-7.048327625820085,-7.115058230962002,-7.039588410270488
poseidon_000542,-6.955645564144825,-6.999054394138911,-7.02390592890544,-7.027714094838364,-7.0330940131398325
poseidon_000543,-6.966656168816692,-6.974431102922032,-7.056999377578245,-6.960423295024952,-6.874580290432733
poseidon_000544,-7.059724939000013,-6.969385895278648,-7.026551943330559,-7.0564343724055645,-6.971037019517554
poseidon_000545,-6.980067080964767,-6.960050712822491,-7.106920786041794,-7.030483990012999,-6.896244991109588
poseidon_000546,-7.086387051280591,-7.211502753433154,-7.02077632691461,-7.16455570319733,-6.986422292686276
poseidon_000547,-7.015288573275752,-7.007069565448673,-7.054378993153184,-7.026914107593987,-7.0648436117808044
poseidon_000548,-6.969053547525098,-6.977138354935559,-6.97410391376952,-6.949803641937993,-7.051120473384501
poseidon_000549,-7.045515096391972,-7.055999239594644,-7.013096939952076,-7.045365903673948,-7.001520590970725
poseidon_000550,-7.0138915317404775,-6.979799136711916,-6.975983865468001,-6.992925966324475,-7.059546494886175
poseidon_000551,-6.999056831596383,-7.094502556261579,-7.069241943546343,-7.012488173110971,-6.934286660363172
poseidon_000552,-7.058168741260635,-7.066989869597831,-7.016215026422292,-7.1436480282438195,-6.991482951120395
poseidon_000553,-7.123310272889204,-7.100530975302586,-7.081150200899995,-7.151113906308368,-7.011246905945194
poseidon_000554,-7.016062338288446,-6.982011937983131,-7.0172164889813855,-6.987206871520027,-6.957703567546595
poseidon_000555,-7.275888208389606,-7.300374332549615,-7.047868580160231,-7.371946634460571,-6.930527870846942
poseidon_000556,-6.972166529305062,-6.9753070952963485,-6.988552778603679,-6.9828233445871755,-7.06024955225078
poseidon_000557,-6.9712301739461715,-6.954811104815604,-6.968428709018787,-6.9580160018756265,-7.046835464435781
poseidon_000558,-7.026994031882301,-7.023510574804845,-7.0241622266032735,-6.9989686634775445,-7.078282929890248
poseidon_000559,-7.019502721392857,-7.000328768369411,-6.983981731779308,-6.9601758157584035,-7.026814423091987
poseidon_000560,-6.912712654600179,-6.951706399907913,-6.942730137020053,-6.994727325741834,-6.94269495109666
poseidon_000561,-6.924153603512349,-7.021418486853597,-6.939687791709118,-6.994972081044503,-6.946958969765653
poseidon_000562,-6.98193232863907,-6.973589542423551,-6.990903318050895,-6.965598003509915,-6.95639687383868
poseidon_000563,-7.015713142321916,-7.040614266471986,-6.985957519979864,-6.9818213848611785,-7.094641913673349
poseidon_000564,-7.0204096709122465,-6.981026066240358,-7.002470840965229,-7.01335897626842,-7.115272044193555
poseidon_000565,-6.89237024986042,-6.924160717745112,-7.032360124985069,-7.026017835503348,-6.974061320535164
poseidon_000566,-6.9530986886793205,-7.008236294732905,-7.031632900240503,-6.957899646337842,-7.0089647494274505
poseidon_000567,-6.935833753300358,-6.916070020911128,-6.930196060850437,-6.987989329301846,-7.054398867410065
poseidon_000568,-6.991223401970963,-6.964108530504204,-6.98615827774849,-7.009481735740061,-7.025989784564471
poseidon_000569,-6.999757791139472,-7.033798061448854,-6.989902501593831,-7.092731735377961,-6.98908696160512
poseidon_000570,-7.075478911970371,-7.079010376445858,-6.985169602928932,-6.988616103648771,-7.016507604565911
poseidon_000571,-7.017284533463925,-6.994191468581769,-7.015332539084024,-6.97143499519861,-6.968315902121703
poseidon_000572,-6.979076122382256,-6.999848349255992,-7.042306695811246,-6.955612883965165,-6.970881881773101
poseidon_000573,-7.045492377563857,-7.057463568613097,-6.988249540389608,-7.044578530968363,-7.015940819003289
poseidon_000574,-6.939972027118969,-6.989626350941975,-7.152029376971854,-7.116139273894573,-7.066278439780801
poseidon_000575,-7.104297323370663,-7.1178795640189705,-7.039321464060225,-7.038994183777071,-6.951149731529215
poseidon_000576,-7.014819741444832,-6.999465572586161,-6.969649329574574,-6.990854981330423,-7.056957266336621
poseidon_000577,-6.993839402425356,-6.979061322717623,-7.055275119260139,-6.993572810145947,-6.9883184207152365
poseidon_000578,-7.010875223131472,-6.996449734781353,-7.045083929879209,-6.966394335947419,-6.983406172733678
poseidon_000579,-7.086689566460612,-7.087708127508101,-7.061322163680306,-6.995539511419641,-7.035335051422132
poseidon_000580,-6.9811061504172605,-7.006350718280836,-6.964708965150789,-6.994407849263442,-7.048146093647528
poseidon_000581,-7.056540808518036,-7.04442651775126,-6.969953342747899,-7.0170234496913775,-7.008380824089774
poseidon_000582,-6.99364039345626,-7.039872412500763,-7.026965486482718,-7.023013407781271,-6.982663720685645
poseidon_000583,-7.081381399074674,-7.094879599647419,-6.995340591482631,-7.073583228020422,-7.014816618716858
poseidon_000584,-6.883903513537011,-7.1302000275871995,-7.069287914771718,-7.008454540637944,-6.852243940789109
poseidon_000585,-7.039378472230086,-6.971615024664224,-7.007258873141094,-6.961256680548602,-6.990959288172527
poseidon_000586,-7.125185626760608,-7.167675883752453,-7.050451362746566,-7.144898799895306,-6.923571142140641
poseidon_000587,-6.997767863091862,-6.896317227809237,-6.98718786186707,-7.004276534056357,-7.030522428900428
poseidon_000588,-6.9643073640086275,-6.979310673776757,-6.936316416516944,-6.986120680071071,-7.001058668418435
poseidon_000589,-6.981102705822508,-7.018202043873145,-7.041769316136195,-6.906626292647693,-6.961597926223011
poseidon_000590,-7.0156457671965216,-6.941647773419575,-7.0080359759742565,-6.95368741187633,-6.936522208793916
poseidon_000591,-6.967869062844281,-7.01406123756217,-7.002698547009504,-6.980537054698005,-6.958108132703999
poseidon_000592,-6.907919364067574,-6.942657140489552,-7.0204567899944825,-6.8217732160276805,-6.893447197989177
poseidon_000593,-7.001312887211592,-7.035149077226833,-6.9012253027912065,-7.015836875056513,-6.89506687762472
poseidon_000594,-7.007943590109412,-6.937979452850109,-6.992364326389762,-6.954245372617727,-6.9757032692101415
poseidon_000595,-7.024236556252557,-6.978438766701987,-6.993559101980715,-6.985290491401616,-7.053874803119243
poseidon_000596,-7.11653898522898,-7.3759699633447555,-7.006805735081682,-7.526698321186543,-6.812655460406544
poseidon_000597,-7.012529744353919,-7.084160953104344,-7.020248590033119,-7.046994446789065,-6.967408320399301
poseidon_000598,-6.928508199776239,-7.122340184621956,-7.108530613121316,-7.042317708845219,-6.999715603421882
poseidon_000599,-6.993989893142003,-7.0111458571141565,-7.017304606622575,-7.0576749810126715,-6.976847525029105
poseidon_000600,-6.939052812363691,-6.996882931941073,-7.018041533115085,-7.079809712425353,-7.012453616283636
poseidon_000601,-7.051906515303445,-6.979908722917382,-7.058473073806366,-6.94513167546531,-6.899879969108236
poseidon_000602,-7.04722958711652,-6.9725627264285395,-6.983464844937416,-6.973173054019977,-7.045698817029183
poseidon_000603,-7.021979518071972,-6.962117282807255,-7.0770685904171655,-7.084307656353047,-6.9297689090101064
poseidon_000604,-7.057855069582853,-7.003165041293799,-7.0892440230380105,-6.957470747271956,-6.967580166135863
poseidon_000605,-7.022903829120067,-7.106913856480585,-7.099789067698458,-6.970685285470157,-6.89142200392777
poseidon_000606,-7.024901055611952,-7.010758860269759,-6.97308454848829,-6.933801693257562,-6.930864901946794
poseidon_000607,-6.926131969300351,-7.021771607198993,-6.9443426119978255,-6.966454214612389,-6.938641786698183
poseidon_000608,-7.06452016586096,-7.1024545335370455,-7.081023214201318,-7.073684682207121,-6.9637653677966975
poseidon_000609,-6.873587055431567,-7.025295855953635,-6.981676449981054,-6.969584440926546,-7.034406198759106
poseidon_000610,-7.102147746222257,-7.01512843476059,-6.997905704692093,-7.037753834532315,-6.9891715553364415
poseidon_000611,-6.999632918656331,-7.0079200394495045,-7.037620744614511,-7.0209855729264765,-7.027670080416854
poseidon_000612,-7.007201469030565,-6.97351109203568,-7.027639839630203,-7.037450040457067,-7.038587518563368
poseidon_000613,-7.023604311092635,-6.957709133530673,-6.9899976738820655,-6.9785823202793775,-7.056605295263093
poseidon_000614,-6.97041628662949,-7.097199865106902,-7.054350936742246,-7.084924075358486,-6.84465244181625
poseidon_000615,-6.9738724031468315,-6.951369364941053,-7.044485947799294,-7.019387835400996,-6.987788472056373
poseidon_000616,-6.9642285353218965,-7.02196589069132,-7.016170073518411,-7.031983598269622,-6.996985134673312
poseidon_000617,-7.024978819683226,-6.989728701911397,-6.974002895255503,-6.9659847587276325,-7.082485898279277
poseidon_000618,-7.028189287496999,-7.006036068579175,-6.997574788876468,-6.97817429498126,-7.0734512146065525
poseidon_000619,-6.938955647865187,-7.067532278645957,-7.004732510880896,-7.001898817997343,-6.899974042487869
poseidon_000620,-6.996159006503222,-6.966789978234068,-7.112654483610721,-7.011131867024032,-6.973838523203691
poseidon_000621,-7.027553763685559,-7.029516343069143,-6.998403943645697,-7.053939356205353,-6.99298182787897
poseidon_000622,-6.979230417470948,-6.9646939675544965,-7.1048595938401,-6.957754475210723,-6.9512961161354285
poseidon_000623,-6.942908214318671,-6.887439203423041,-7.107876295678645,-6.933783033569049,-6.909237579852499
poseidon_000624,-6.966244164833795,-7.129390181384791,-6.982937998282853,-6.9991850705992,-6.886111577543619
poseidon_000625,-7.060541331952175,-7.160882871459883,-7.014172176055235,-7.168087094564702,-6.942424554386618
poseidon_000626,-6.981590048889891,-6.96137493540611,-6.985554360732662,-7.015647460045418,-7.014706114454126
poseidon_000627,-7.0284134185854334,-6.997878105076042,-6.987859754246513,-6.955248846750399,-7.056626324617346
poseidon_000628,-6.90437228561112,-6.902530941140615,-6.994885703810929,-6.907916517078227,-6.985405184286553
poseidon_000629,-7.019079693820701,-7.001018776854581,-6.962584432743633,-7.005491366898659,-7.027251247611293
poseidon_000630,-6.998149676833096,-6.987818756126809,-6.987056680548657,-6.947545484820226,-7.0513779611244205
poseidon_000631,-6.975362442004795,-7.051037089693372,-7.0578155475294615,-7.03516605253828,-7.053721627618486
poseidon_000632,-7.056901378816707,-7.026919430582835,-7.1106915024434825,-7.030401709823963,-7.001399091518697
poseidon_000633,-7.078497916712079,-7.194104036520458,-7.023250316153861,-7.153730292473402,-6.977019348461558
poseidon_000634,-6.994490759909924,-7.010857978905036,-7.0046687975693285,-6.997050736973564,-7.003497590604016
poseidon_000635,-6.87880068582239,-7.03290898484945,-6.943306150184949,-7.059721314156743,-7.007989623036585
poseidon_000636,-6.964870624593421,-7.0201758835667745,-7.003651863298284,-7.049605966651336,-7.0212972220969
poseidon_000637,-6.95346854339861,-7.03836236312257,-7.023650959586044,-7.00576725439199,-6.947175844771149
poseidon_000638,-7.057062763609897,-7.0788175974055925,-7.043175524004196,-6.891009706333067,-7.0698908584935065
poseidon_000639,-6.8912814154385815,-7.044158886685104,-7.013252287685335,-7.138397790771145,-6.940382690401299
poseidon_000640,-7.0465704200827375,-6.9775552549257505,-6.959567095783498,-6.96605858555786,-7.047104743801177
poseidon_000641,-6.9947429232510565,-6.98703330880653,-6.987648712237984,-6.969468159307199,-7.038678778058505
poseidon_000642,-7.0119164800006955,-6.9558195389641675,-6.951003334206888,-6.9642279495486,-7.015375087060705
poseidon_000643,-6.952097252885255,-7.038913668482762,-7.089718474904504,-6.987960824417748,-6.894042737252546
poseidon_000644,-7.018365926973277,-7.026401583792755,-7.096036123129968,-7.058363690484563,-7.043459547833373
poseidon_000645,-6.989944407527676,-6.9653860441761415,-7.0002474761391165,-6.9668670212760295,-7.025454433111431
poseidon_000646,-7.02744239840693,-7.01136488600752,-7.021647189480356,-7.018753161277899,-6.915157982922887
poseidon_000647,-6.954012871455883,-6.96998643403347,-6.996688843615675,-6.983485113580555,-7.021405947800056
poseidon_000648,-6.994557161270885,-7.002149451176963,-6.9387591485651035,-6.934514315718349,-6.927166255273173
poseidon_000649,-7.0167303890489094,-6.9969797628463555,-7.01384970717562,-6.992146413835892,-7.0466158943317065
poseidon_000650,-7.0740496956237395,-7.013424982157334,-7.05280468058765,-7.123723083208574,-7.063525997604634
poseidon_000651,-7.052760100767082,-7.119812165706325,-7.123476599040913,-6.984857149371294,-6.94487686011736
poseidon_000652,-7.0296799787877,-7.092413040395885,-7.024473475417094,-7.034538011531502,-6.951368311715355
poseidon_000653,-6.917510630189488,-6.938015548296125,-7.096981991368941,-7.027416998015364,-6.983210345698288
poseidon_000654,-7.071876346179757,-7.055171644233841,-7.001222783192438,-7.052198858493124,-6.940613622068181
poseidon_000655,-7.1597878347817545,-7.319016078742057,-6.997834992806104,-7.241216833488673,-6.945547907773578
poseidon_000656,-6.962510164652314,-6.997494227279562,-7.011380626512985,-6.957757040473629,-6.854716973512575
poseidon_000657,-7.011031185914932,-7.109070342708189,-7.026722856139155,-7.05139002129167,-7.035925281105733
poseidon_000658,-6.950498544254189,-6.994700862337007,-7.036056287751234,-7.017619989925469,-6.9802132129661265
poseidon_000659,-6.856799548917303,-6.883216459525103,-7.000263026481208,-7.0144973581011065,-6.9540325923861435
poseidon_000660,-7.04187107407614,-6.97452567372871,-7.043071235335605,-6.939050950060599,-7.042689041420974
poseidon_000661,-7.004563177940533,-6.970673405701868,-6.992886887782603,-7.024909202644841,-7.005329801592062
poseidon_000662,-6.981335467582609,-7.1628885008817695,-7.135172258722042,-7.231271411575818,-6.976413801189614
poseidon_000663,-6.8870978425089,-7.069082973497238,-7.081951322791313,-7.034268488389056,-6.97666208404708
poseidon_000664,-7.02846024186409,-6.975757460096806,-7.04320376499848,-6.89234028970338,-6.911344207014577
poseidon_000665,-7.04426149317936,-6.967395633677382,-6.952134865220146,-6.948324812639646,-6.879737303871955
poseidon_000666,-7.073348932905308,-6.923418908014367,-7.053747429970028,-7.083663406523424,-7.033539842282752
poseidon_000667,-6.944695623188926,-6.920308201915218,-6.976304586197259,-6.9464795337888114,-6.992402701711415
poseidon_000668,-6.956632159453302,-6.945834677100836,-6.9995673551471365,-7.006088186127837,-6.985357263682978
poseidon_000669,-7.035282887744222,-7.095274129635993,-7.034823597622745,-7.086361251120731,-6.969991220135282
poseidon_000670,-7.001704069182336,-7.042637744458035,-6.978169656436384,-7.021624366524536,-6.986490855732289
poseidon_000671,-6.953739515586885,-6.996095783253243,-6.952890787559132,-6.854524999876223,-6.929788865610576
poseidon_000672,-7.037240720739649,-6.994759249604355,-6.952827122794938,-6.987576714881442,-7.068746385813401
poseidon_000673,-7.029898887567696,-7.005592808328286,-6.976166958653433,-6.990543792011813,-7.019201319603267
poseidon_000674,-6.891279069025221,-6.9424989004506585,-7.048228823460555,-7.058563702667345,-6.921318422542212
poseidon_000675,-7.023702926891195,-7.017080534918866,-7.005979504878786,-6.99939909677769,-7.0090893569932655
poseidon_000676,-6.976750834728377,-6.945503512898378,-6.993224191991923,-6.979743291944229,-7.019415996915374
poseidon_000677,-6.965626036666453,-6.9888742280140415,-7.045482278214628,-7.0669802628292695,-7.025232896130787
poseidon_000678,-6.9160712130217386,-6.997684157163409,-7.039642392173318,-6.9894214838655015,-7.002010170890119
poseidon_000679,-6.9570781429343596,-7.101712383151978,-7.058228119911169,-7.009120417328861,-6.935025325557716
poseidon_000680,-7.04035000094107,-6.943089700327614,-7.00416113476083,-7.082770537838363,-7.022035247093727
poseidon_000681,-6.929087391842396,-6.982694682053081,-7.078231886809941,-7.058104333333808,-6.971194140686397
poseidon_000682,-6.981604433526667,-7.08154256740003,-7.035747566097548,-7.1133112396943945,-6.952046849094335
poseidon_000683,-6.971605138072079,-6.90618606365992,-6.97251310127882,-7.000407767536775,-6.9282291660330015
poseidon_000684,-6.997830166660922,-7.046946581257672,-7.001875321249009,-7.026866419425932,-7.0246387321986035
poseidon_000685,-7.0522767609216,-7.193161421118614,-7.035500646332053,-7.133551116282078,-6.796587719819593
